[
{
   "model": "meal.ingredient",
   "pk": 3263,
   "fields": {
      "name": "Butter",
      "description": null,
      "ingredient_group": "Dairy"
   }
},
{
   "model": "meal.ingredient",
   "pk": 3264,
   "fields": {
      "name": "Cheese : Blue cheese",
      "description": null,
      "ingredient_group": "Dairy"
   }
},
{
   "model": "meal.ingredient",
   "pk": 3265,
   "fields": {
      "name": "Cheese : Bocconcini",
      "description": null,
      "ingredient_group": "Dairy"
   }
},
{
   "model": "meal.ingredient",
   "pk": 3266,
   "fields": {
      "name": "Cheese : Cheddar",
      "description": null,
      "ingredient_group": "Dairy"
   }
},
{
   "model": "meal.ingredient",
   "pk": 3267,
   "fields": {
      "name": "Cheese : Cottage cheese",
      "description": null,
      "ingredient_group": "Dairy"
   }
},
{
   "model": "meal.ingredient",
   "pk": 3268,
   "fields": {
      "name": "Cheese : Feta",
      "description": null,
      "ingredient_group": "Dairy"
   }
},
{
   "model": "meal.ingredient",
   "pk": 3269,
   "fields": {
      "name": "Cheese : Goat cheese",
      "description": null,
      "ingredient_group": "Dairy"
   }
},
{
   "model": "meal.ingredient",
   "pk": 3270,
   "fields": {
      "name": "Cheese : Mozzarella",
      "description": null,
      "ingredient_group": "Dairy"
   }
},
{
   "model": "meal.ingredient",
   "pk": 3271,
   "fields": {
      "name": "Cheese : Parmesan",
      "description": null,
      "ingredient_group": "Dairy"
   }
},
{
   "model": "meal.ingredient",
   "pk": 3272,
   "fields": {
      "name": "Cheese : Ricotta",
      "description": null,
      "ingredient_group": "Dairy"
   }
},
{
   "model": "meal.ingredient",
   "pk": 3273,
   "fields": {
      "name": "Eggs",
      "description": null,
      "ingredient_group": "Dairy"
   }
},
{
   "model": "meal.ingredient",
   "pk": 3274,
   "fields": {
      "name": "Margarine",
      "description": null,
      "ingredient_group": "Dairy"
   }
},
{
   "model": "meal.ingredient",
   "pk": 3275,
   "fields": {
      "name": "Milk",
      "description": null,
      "ingredient_group": "Dairy"
   }
},
{
   "model": "meal.ingredient",
   "pk": 3276,
   "fields": {
      "name": "Tofu",
      "description": null,
      "ingredient_group": "Dairy"
   }
},
{
   "model": "meal.ingredient",
   "pk": 3277,
   "fields": {
      "name": "Yogurt",
      "description": null,
      "ingredient_group": "Dairy"
   }
},
{
   "model": "meal.ingredient",
   "pk": 3278,
   "fields": {
      "name": "Almond Powder ",
      "description": null,
      "ingredient_group": "Dry and Canned goods"
   }
},
{
   "model": "meal.ingredient",
   "pk": 3279,
   "fields": {
      "name": "Almonds",
      "description": null,
      "ingredient_group": "Dry and Canned goods"
   }
},
{
   "model": "meal.ingredient",
   "pk": 3280,
   "fields": {
      "name": "Capers",
      "description": null,
      "ingredient_group": "Dry and Canned goods"
   }
},
{
   "model": "meal.ingredient",
   "pk": 3281,
   "fields": {
      "name": "Corn meal",
      "description": null,
      "ingredient_group": "Dry and Canned goods"
   }
},
{
   "model": "meal.ingredient",
   "pk": 3282,
   "fields": {
      "name": "corn starch",
      "description": null,
      "ingredient_group": "Dry and Canned goods"
   }
},
{
   "model": "meal.ingredient",
   "pk": 3283,
   "fields": {
      "name": "Creamed corn",
      "description": null,
      "ingredient_group": "Dry and Canned goods"
   }
},
{
   "model": "meal.ingredient",
   "pk": 3284,
   "fields": {
      "name": "Egg noodles",
      "description": null,
      "ingredient_group": "Dry and Canned goods"
   }
},
{
   "model": "meal.ingredient",
   "pk": 3285,
   "fields": {
      "name": "Linguini",
      "description": null,
      "ingredient_group": "Dry and Canned goods"
   }
},
{
   "model": "meal.ingredient",
   "pk": 3286,
   "fields": {
      "name": "peanut butter",
      "description": null,
      "ingredient_group": "Dry and Canned goods"
   }
},
{
   "model": "meal.ingredient",
   "pk": 3287,
   "fields": {
      "name": "peanuts ",
      "description": null,
      "ingredient_group": "Dry and Canned goods"
   }
},
{
   "model": "meal.ingredient",
   "pk": 3288,
   "fields": {
      "name": "Pickles",
      "description": null,
      "ingredient_group": "Dry and Canned goods"
   }
},
{
   "model": "meal.ingredient",
   "pk": 3289,
   "fields": {
      "name": "Polenta",
      "description": null,
      "ingredient_group": "Dry and Canned goods"
   }
},
{
   "model": "meal.ingredient",
   "pk": 3290,
   "fields": {
      "name": "Rice noodles",
      "description": null,
      "ingredient_group": "Dry and Canned goods"
   }
},
{
   "model": "meal.ingredient",
   "pk": 3291,
   "fields": {
      "name": "sesame seeds",
      "description": null,
      "ingredient_group": "Dry and Canned goods"
   }
},
{
   "model": "meal.ingredient",
   "pk": 3292,
   "fields": {
      "name": "Sunflower seeds",
      "description": null,
      "ingredient_group": "Dry and Canned goods"
   }
},
{
   "model": "meal.ingredient",
   "pk": 3293,
   "fields": {
      "name": "Tomato paste",
      "description": null,
      "ingredient_group": "Dry and Canned goods"
   }
},
{
   "model": "meal.ingredient",
   "pk": 3294,
   "fields": {
      "name": "Walnuts",
      "description": null,
      "ingredient_group": "Dry and Canned goods"
   }
},
{
   "model": "meal.ingredient",
   "pk": 3295,
   "fields": {
      "name": "Whole wheat lasagna",
      "description": null,
      "ingredient_group": "Dry and Canned goods"
   }
},
{
   "model": "meal.ingredient",
   "pk": 3296,
   "fields": {
      "name": "Whole wheat linguini ",
      "description": null,
      "ingredient_group": "Dry and Canned goods"
   }
},
{
   "model": "meal.ingredient",
   "pk": 3297,
   "fields": {
      "name": "Whole wheat macaroni",
      "description": null,
      "ingredient_group": "Dry and Canned goods"
   }
},
{
   "model": "meal.ingredient",
   "pk": 3298,
   "fields": {
      "name": "Whole wheat penne ",
      "description": null,
      "ingredient_group": "Dry and Canned goods"
   }
},
{
   "model": "meal.ingredient",
   "pk": 3299,
   "fields": {
      "name": "Whole wheat spaghetti",
      "description": null,
      "ingredient_group": "Dry and Canned goods"
   }
},
{
   "model": "meal.ingredient",
   "pk": 3300,
   "fields": {
      "name": "Canned salmon",
      "description": null,
      "ingredient_group": "Fish"
   }
},
{
   "model": "meal.ingredient",
   "pk": 3301,
   "fields": {
      "name": "Canned tuna",
      "description": null,
      "ingredient_group": "Fish"
   }
},
{
   "model": "meal.ingredient",
   "pk": 3302,
   "fields": {
      "name": "Cod",
      "description": null,
      "ingredient_group": "Fish"
   }
},
{
   "model": "meal.ingredient",
   "pk": 3303,
   "fields": {
      "name": "Haddock",
      "description": null,
      "ingredient_group": "Fish"
   }
},
{
   "model": "meal.ingredient",
   "pk": 3304,
   "fields": {
      "name": "Pollock",
      "description": null,
      "ingredient_group": "Fish"
   }
},
{
   "model": "meal.ingredient",
   "pk": 3305,
   "fields": {
      "name": "Basil",
      "description": null,
      "ingredient_group": "Fresh herbs"
   }
},
{
   "model": "meal.ingredient",
   "pk": 3306,
   "fields": {
      "name": "Chives",
      "description": null,
      "ingredient_group": "Fresh herbs"
   }
},
{
   "model": "meal.ingredient",
   "pk": 3307,
   "fields": {
      "name": "Cilantro",
      "description": null,
      "ingredient_group": "Fresh herbs"
   }
},
{
   "model": "meal.ingredient",
   "pk": 3308,
   "fields": {
      "name": "Dill",
      "description": null,
      "ingredient_group": "Fresh herbs"
   }
},
{
   "model": "meal.ingredient",
   "pk": 3309,
   "fields": {
      "name": "Marjoram",
      "description": null,
      "ingredient_group": "Fresh herbs"
   }
},
{
   "model": "meal.ingredient",
   "pk": 3310,
   "fields": {
      "name": "Oregano",
      "description": null,
      "ingredient_group": "Fresh herbs"
   }
},
{
   "model": "meal.ingredient",
   "pk": 3311,
   "fields": {
      "name": "Parsley",
      "description": null,
      "ingredient_group": "Fresh herbs"
   }
},
{
   "model": "meal.ingredient",
   "pk": 3312,
   "fields": {
      "name": "Rosemary",
      "description": null,
      "ingredient_group": "Fresh herbs"
   }
},
{
   "model": "meal.ingredient",
   "pk": 3313,
   "fields": {
      "name": "Thyme",
      "description": null,
      "ingredient_group": "Fresh herbs"
   }
},
{
   "model": "meal.ingredient",
   "pk": 3314,
   "fields": {
      "name": "Barley (gluten)",
      "description": null,
      "ingredient_group": "Grains"
   }
},
{
   "model": "meal.ingredient",
   "pk": 3315,
   "fields": {
      "name": "Basmati rice",
      "description": null,
      "ingredient_group": "Grains"
   }
},
{
   "model": "meal.ingredient",
   "pk": 3316,
   "fields": {
      "name": "Breadcrumbs",
      "description": null,
      "ingredient_group": "Grains"
   }
},
{
   "model": "meal.ingredient",
   "pk": 3317,
   "fields": {
      "name": "Brown rice",
      "description": null,
      "ingredient_group": "Grains"
   }
},
{
   "model": "meal.ingredient",
   "pk": 3318,
   "fields": {
      "name": "Buckwheat",
      "description": null,
      "ingredient_group": "Grains"
   }
},
{
   "model": "meal.ingredient",
   "pk": 3319,
   "fields": {
      "name": "Couscous (gluten)",
      "description": null,
      "ingredient_group": "Grains"
   }
},
{
   "model": "meal.ingredient",
   "pk": 3320,
   "fields": {
      "name": "Millet",
      "description": null,
      "ingredient_group": "Grains"
   }
},
{
   "model": "meal.ingredient",
   "pk": 3321,
   "fields": {
      "name": "Oats",
      "description": null,
      "ingredient_group": "Grains"
   }
},
{
   "model": "meal.ingredient",
   "pk": 3322,
   "fields": {
      "name": "Quinoa",
      "description": null,
      "ingredient_group": "Grains"
   }
},
{
   "model": "meal.ingredient",
   "pk": 3323,
   "fields": {
      "name": "White flour",
      "description": null,
      "ingredient_group": "Grains"
   }
},
{
   "model": "meal.ingredient",
   "pk": 3324,
   "fields": {
      "name": "Whole wheat flour",
      "description": null,
      "ingredient_group": "Grains"
   }
},
{
   "model": "meal.ingredient",
   "pk": 3325,
   "fields": {
      "name": "Wild rice",
      "description": null,
      "ingredient_group": "Grains"
   }
},
{
   "model": "meal.ingredient",
   "pk": 3326,
   "fields": {
      "name": "Black beans",
      "description": null,
      "ingredient_group": "Legumineuse"
   }
},
{
   "model": "meal.ingredient",
   "pk": 3327,
   "fields": {
      "name": "Chickpeas",
      "description": null,
      "ingredient_group": "Legumineuse"
   }
},
{
   "model": "meal.ingredient",
   "pk": 3328,
   "fields": {
      "name": "Kidney beans",
      "description": null,
      "ingredient_group": "Legumineuse"
   }
},
{
   "model": "meal.ingredient",
   "pk": 3329,
   "fields": {
      "name": "Lentils",
      "description": null,
      "ingredient_group": "Legumineuse"
   }
},
{
   "model": "meal.ingredient",
   "pk": 3330,
   "fields": {
      "name": "White beans",
      "description": null,
      "ingredient_group": "Legumineuse"
   }
},
{
   "model": "meal.ingredient",
   "pk": 3331,
   "fields": {
      "name": "Beef cubes",
      "description": null,
      "ingredient_group": "Meat"
   }
},
{
   "model": "meal.ingredient",
   "pk": 3332,
   "fields": {
      "name": "Chicken",
      "description": null,
      "ingredient_group": "Meat"
   }
},
{
   "model": "meal.ingredient",
   "pk": 3333,
   "fields": {
      "name": "Chicken thighs",
      "description": null,
      "ingredient_group": "Meat"
   }
},
{
   "model": "meal.ingredient",
   "pk": 3334,
   "fields": {
      "name": "Ground beef",
      "description": null,
      "ingredient_group": "Meat"
   }
},
{
   "model": "meal.ingredient",
   "pk": 3335,
   "fields": {
      "name": "Ground porc",
      "description": null,
      "ingredient_group": "Meat"
   }
},
{
   "model": "meal.ingredient",
   "pk": 3336,
   "fields": {
      "name": "Ham",
      "description": null,
      "ingredient_group": "Meat"
   }
},
{
   "model": "meal.ingredient",
   "pk": 3337,
   "fields": {
      "name": "Lamb cubes",
      "description": null,
      "ingredient_group": "Meat"
   }
},
{
   "model": "meal.ingredient",
   "pk": 3338,
   "fields": {
      "name": "Pork sausage",
      "description": null,
      "ingredient_group": "Meat"
   }
},
{
   "model": "meal.ingredient",
   "pk": 3339,
   "fields": {
      "name": "Pork toulouse sausage",
      "description": null,
      "ingredient_group": "Meat"
   }
},
{
   "model": "meal.ingredient",
   "pk": 3340,
   "fields": {
      "name": "Roast Beef ",
      "description": null,
      "ingredient_group": "Meat"
   }
},
{
   "model": "meal.ingredient",
   "pk": 3341,
   "fields": {
      "name": "stock",
      "description": null,
      "ingredient_group": "Meat"
   }
},
{
   "model": "meal.ingredient",
   "pk": 3342,
   "fields": {
      "name": "Turkey",
      "description": null,
      "ingredient_group": "Meat"
   }
},
{
   "model": "meal.ingredient",
   "pk": 3343,
   "fields": {
      "name": "Turkey thighs",
      "description": null,
      "ingredient_group": "Meat"
   }
},
{
   "model": "meal.ingredient",
   "pk": 3344,
   "fields": {
      "name": "Apple cider vinegar",
      "description": null,
      "ingredient_group": "Oils and Sauces"
   }
},
{
   "model": "meal.ingredient",
   "pk": 3345,
   "fields": {
      "name": "Balsamic vinegar",
      "description": null,
      "ingredient_group": "Oils and Sauces"
   }
},
{
   "model": "meal.ingredient",
   "pk": 3346,
   "fields": {
      "name": "cooking wine",
      "description": null,
      "ingredient_group": "Oils and Sauces"
   }
},
{
   "model": "meal.ingredient",
   "pk": 3347,
   "fields": {
      "name": "Dijon mustard",
      "description": null,
      "ingredient_group": "Oils and Sauces"
   }
},
{
   "model": "meal.ingredient",
   "pk": 3348,
   "fields": {
      "name": "honey",
      "description": null,
      "ingredient_group": "Oils and Sauces"
   }
},
{
   "model": "meal.ingredient",
   "pk": 3349,
   "fields": {
      "name": "maple sirop",
      "description": null,
      "ingredient_group": "Oils and Sauces"
   }
},
{
   "model": "meal.ingredient",
   "pk": 3350,
   "fields": {
      "name": "Olive oil",
      "description": null,
      "ingredient_group": "Oils and Sauces"
   }
},
{
   "model": "meal.ingredient",
   "pk": 3351,
   "fields": {
      "name": "Prepared mustard",
      "description": null,
      "ingredient_group": "Oils and Sauces"
   }
},
{
   "model": "meal.ingredient",
   "pk": 3352,
   "fields": {
      "name": "Red wine (salt)",
      "description": null,
      "ingredient_group": "Oils and Sauces"
   }
},
{
   "model": "meal.ingredient",
   "pk": 3353,
   "fields": {
      "name": "Red wine vinegar",
      "description": null,
      "ingredient_group": "Oils and Sauces"
   }
},
{
   "model": "meal.ingredient",
   "pk": 3354,
   "fields": {
      "name": "Rice vinegar ",
      "description": null,
      "ingredient_group": "Oils and Sauces"
   }
},
{
   "model": "meal.ingredient",
   "pk": 3355,
   "fields": {
      "name": "rice wine vinegar",
      "description": null,
      "ingredient_group": "Oils and Sauces"
   }
},
{
   "model": "meal.ingredient",
   "pk": 3356,
   "fields": {
      "name": "Sesame oil",
      "description": null,
      "ingredient_group": "Oils and Sauces"
   }
},
{
   "model": "meal.ingredient",
   "pk": 3357,
   "fields": {
      "name": "Soy sauce (gluten, salt)",
      "description": null,
      "ingredient_group": "Oils and Sauces"
   }
},
{
   "model": "meal.ingredient",
   "pk": 3358,
   "fields": {
      "name": "Vinegar",
      "description": null,
      "ingredient_group": "Oils and Sauces"
   }
},
{
   "model": "meal.ingredient",
   "pk": 3359,
   "fields": {
      "name": "White wine",
      "description": null,
      "ingredient_group": "Oils and Sauces"
   }
},
{
   "model": "meal.ingredient",
   "pk": 3360,
   "fields": {
      "name": "Seafood medley (shrimp, mussels, calamari)",
      "description": null,
      "ingredient_group": "Seafood"
   }
},
{
   "model": "meal.ingredient",
   "pk": 3361,
   "fields": {
      "name": "Shrimp",
      "description": null,
      "ingredient_group": "Seafood"
   }
},
{
   "model": "meal.ingredient",
   "pk": 3362,
   "fields": {
      "name": "Allspice",
      "description": null,
      "ingredient_group": "Spices"
   }
},
{
   "model": "meal.ingredient",
   "pk": 3363,
   "fields": {
      "name": "Bay leaves",
      "description": null,
      "ingredient_group": "Spices"
   }
},
{
   "model": "meal.ingredient",
   "pk": 3364,
   "fields": {
      "name": "Black pepper",
      "description": null,
      "ingredient_group": "Spices"
   }
},
{
   "model": "meal.ingredient",
   "pk": 3365,
   "fields": {
      "name": "Cardamom",
      "description": null,
      "ingredient_group": "Spices"
   }
},
{
   "model": "meal.ingredient",
   "pk": 3366,
   "fields": {
      "name": "Chili",
      "description": null,
      "ingredient_group": "Spices"
   }
},
{
   "model": "meal.ingredient",
   "pk": 3367,
   "fields": {
      "name": "Cinnamon",
      "description": null,
      "ingredient_group": "Spices"
   }
},
{
   "model": "meal.ingredient",
   "pk": 3368,
   "fields": {
      "name": "Cloves",
      "description": null,
      "ingredient_group": "Spices"
   }
},
{
   "model": "meal.ingredient",
   "pk": 3369,
   "fields": {
      "name": "Coriander",
      "description": null,
      "ingredient_group": "Spices"
   }
},
{
   "model": "meal.ingredient",
   "pk": 3370,
   "fields": {
      "name": "Cumin",
      "description": null,
      "ingredient_group": "Spices"
   }
},
{
   "model": "meal.ingredient",
   "pk": 3371,
   "fields": {
      "name": "Curry",
      "description": null,
      "ingredient_group": "Spices"
   }
},
{
   "model": "meal.ingredient",
   "pk": 3372,
   "fields": {
      "name": "Ginger powder",
      "description": null,
      "ingredient_group": "Spices"
   }
},
{
   "model": "meal.ingredient",
   "pk": 3373,
   "fields": {
      "name": "Herbes de provence",
      "description": null,
      "ingredient_group": "Spices"
   }
},
{
   "model": "meal.ingredient",
   "pk": 3374,
   "fields": {
      "name": "Mustard powder",
      "description": null,
      "ingredient_group": "Spices"
   }
},
{
   "model": "meal.ingredient",
   "pk": 3375,
   "fields": {
      "name": "Nutmeg",
      "description": null,
      "ingredient_group": "Spices"
   }
},
{
   "model": "meal.ingredient",
   "pk": 3376,
   "fields": {
      "name": "Paprika",
      "description": null,
      "ingredient_group": "Spices"
   }
},
{
   "model": "meal.ingredient",
   "pk": 3377,
   "fields": {
      "name": "Sage",
      "description": null,
      "ingredient_group": "Spices"
   }
},
{
   "model": "meal.ingredient",
   "pk": 3378,
   "fields": {
      "name": "Terragon",
      "description": null,
      "ingredient_group": "Spices"
   }
},
{
   "model": "meal.ingredient",
   "pk": 3379,
   "fields": {
      "name": "Turmeric",
      "description": null,
      "ingredient_group": "Spices"
   }
},
{
   "model": "meal.ingredient",
   "pk": 3380,
   "fields": {
      "name": "Apples",
      "description": null,
      "ingredient_group": "Veggies & Fruits"
   }
},
{
   "model": "meal.ingredient",
   "pk": 3381,
   "fields": {
      "name": "Apricots",
      "description": null,
      "ingredient_group": "Veggies & Fruits"
   }
},
{
   "model": "meal.ingredient",
   "pk": 3382,
   "fields": {
      "name": "Arugula",
      "description": null,
      "ingredient_group": "Veggies & Fruits"
   }
},
{
   "model": "meal.ingredient",
   "pk": 3383,
   "fields": {
      "name": "Artichokes",
      "description": null,
      "ingredient_group": "Veggies & Fruits"
   }
},
{
   "model": "meal.ingredient",
   "pk": 3384,
   "fields": {
      "name": "Bean sprouts",
      "description": null,
      "ingredient_group": "Veggies & Fruits"
   }
},
{
   "model": "meal.ingredient",
   "pk": 3385,
   "fields": {
      "name": "Beets",
      "description": null,
      "ingredient_group": "Veggies & Fruits"
   }
},
{
   "model": "meal.ingredient",
   "pk": 3386,
   "fields": {
      "name": "Bok choy",
      "description": null,
      "ingredient_group": "Veggies & Fruits"
   }
},
{
   "model": "meal.ingredient",
   "pk": 3387,
   "fields": {
      "name": "Broccoli",
      "description": null,
      "ingredient_group": "Veggies & Fruits"
   }
},
{
   "model": "meal.ingredient",
   "pk": 3388,
   "fields": {
      "name": "Brussel sprouts",
      "description": null,
      "ingredient_group": "Veggies & Fruits"
   }
},
{
   "model": "meal.ingredient",
   "pk": 3389,
   "fields": {
      "name": "Cabbage",
      "description": null,
      "ingredient_group": "Veggies & Fruits"
   }
},
{
   "model": "meal.ingredient",
   "pk": 3390,
   "fields": {
      "name": "Carrots",
      "description": null,
      "ingredient_group": "Veggies & Fruits"
   }
},
{
   "model": "meal.ingredient",
   "pk": 3391,
   "fields": {
      "name": "Cauliflower",
      "description": null,
      "ingredient_group": "Veggies & Fruits"
   }
},
{
   "model": "meal.ingredient",
   "pk": 3392,
   "fields": {
      "name": "celery",
      "description": null,
      "ingredient_group": "Veggies & Fruits"
   }
},
{
   "model": "meal.ingredient",
   "pk": 3393,
   "fields": {
      "name": "Celery root",
      "description": null,
      "ingredient_group": "Veggies & Fruits"
   }
},
{
   "model": "meal.ingredient",
   "pk": 3394,
   "fields": {
      "name": "Chicory",
      "description": null,
      "ingredient_group": "Veggies & Fruits"
   }
},
{
   "model": "meal.ingredient",
   "pk": 3395,
   "fields": {
      "name": "Corn",
      "description": null,
      "ingredient_group": "Veggies & Fruits"
   }
},
{
   "model": "meal.ingredient",
   "pk": 3396,
   "fields": {
      "name": "Cranberries",
      "description": null,
      "ingredient_group": "Veggies & Fruits"
   }
},
{
   "model": "meal.ingredient",
   "pk": 3397,
   "fields": {
      "name": "Cucumber",
      "description": null,
      "ingredient_group": "Veggies & Fruits"
   }
},
{
   "model": "meal.ingredient",
   "pk": 3398,
   "fields": {
      "name": "Eggplant",
      "description": null,
      "ingredient_group": "Veggies & Fruits"
   }
},
{
   "model": "meal.ingredient",
   "pk": 3399,
   "fields": {
      "name": "Garlic",
      "description": null,
      "ingredient_group": "Veggies & Fruits"
   }
},
{
   "model": "meal.ingredient",
   "pk": 3400,
   "fields": {
      "name": "Ginger",
      "description": null,
      "ingredient_group": "Veggies & Fruits"
   }
},
{
   "model": "meal.ingredient",
   "pk": 3401,
   "fields": {
      "name": "Green beans",
      "description": null,
      "ingredient_group": "Veggies & Fruits"
   }
},
{
   "model": "meal.ingredient",
   "pk": 3402,
   "fields": {
      "name": "Green peas",
      "description": null,
      "ingredient_group": "Veggies & Fruits"
   }
},
{
   "model": "meal.ingredient",
   "pk": 3403,
   "fields": {
      "name": "Green peppers",
      "description": null,
      "ingredient_group": "Veggies & Fruits"
   }
},
{
   "model": "meal.ingredient",
   "pk": 3404,
   "fields": {
      "name": "Kale",
      "description": null,
      "ingredient_group": "Veggies & Fruits"
   }
},
{
   "model": "meal.ingredient",
   "pk": 3405,
   "fields": {
      "name": "Kolhrabi",
      "description": null,
      "ingredient_group": "Veggies & Fruits"
   }
},
{
   "model": "meal.ingredient",
   "pk": 3406,
   "fields": {
      "name": "Leeks",
      "description": null,
      "ingredient_group": "Veggies & Fruits"
   }
},
{
   "model": "meal.ingredient",
   "pk": 3407,
   "fields": {
      "name": "Lemons",
      "description": null,
      "ingredient_group": "Veggies & Fruits"
   }
},
{
   "model": "meal.ingredient",
   "pk": 3408,
   "fields": {
      "name": "Lettuce",
      "description": null,
      "ingredient_group": "Veggies & Fruits"
   }
},
{
   "model": "meal.ingredient",
   "pk": 3409,
   "fields": {
      "name": "lime",
      "description": null,
      "ingredient_group": "Veggies & Fruits"
   }
},
{
   "model": "meal.ingredient",
   "pk": 3410,
   "fields": {
      "name": "mung bean sprouts",
      "description": null,
      "ingredient_group": "Veggies & Fruits"
   }
},
{
   "model": "meal.ingredient",
   "pk": 3411,
   "fields": {
      "name": "Mushrooms",
      "description": null,
      "ingredient_group": "Veggies & Fruits"
   }
},
{
   "model": "meal.ingredient",
   "pk": 3412,
   "fields": {
      "name": "Olives",
      "description": null,
      "ingredient_group": "Veggies & Fruits"
   }
},
{
   "model": "meal.ingredient",
   "pk": 3413,
   "fields": {
      "name": "Onions",
      "description": null,
      "ingredient_group": "Veggies & Fruits"
   }
},
{
   "model": "meal.ingredient",
   "pk": 3414,
   "fields": {
      "name": "Orange peppers",
      "description": null,
      "ingredient_group": "Veggies & Fruits"
   }
},
{
   "model": "meal.ingredient",
   "pk": 3415,
   "fields": {
      "name": "parsnip",
      "description": null,
      "ingredient_group": "Veggies & Fruits"
   }
},
{
   "model": "meal.ingredient",
   "pk": 3416,
   "fields": {
      "name": "Potatoes",
      "description": null,
      "ingredient_group": "Veggies & Fruits"
   }
},
{
   "model": "meal.ingredient",
   "pk": 3417,
   "fields": {
      "name": "Pumpkin",
      "description": null,
      "ingredient_group": "Veggies & Fruits"
   }
},
{
   "model": "meal.ingredient",
   "pk": 3418,
   "fields": {
      "name": "Radish",
      "description": null,
      "ingredient_group": "Veggies & Fruits"
   }
},
{
   "model": "meal.ingredient",
   "pk": 3419,
   "fields": {
      "name": "Raisins",
      "description": null,
      "ingredient_group": "Veggies & Fruits"
   }
},
{
   "model": "meal.ingredient",
   "pk": 3420,
   "fields": {
      "name": "Red peppers  ",
      "description": null,
      "ingredient_group": "Veggies & Fruits"
   }
},
{
   "model": "meal.ingredient",
   "pk": 3421,
   "fields": {
      "name": "Snap peas",
      "description": null,
      "ingredient_group": "Veggies & Fruits"
   }
},
{
   "model": "meal.ingredient",
   "pk": 3422,
   "fields": {
      "name": "Snow peas",
      "description": null,
      "ingredient_group": "Veggies & Fruits"
   }
},
{
   "model": "meal.ingredient",
   "pk": 3423,
   "fields": {
      "name": "Spinach",
      "description": null,
      "ingredient_group": "Veggies & Fruits"
   }
},
{
   "model": "meal.ingredient",
   "pk": 3424,
   "fields": {
      "name": "squash",
      "description": null,
      "ingredient_group": "Veggies & Fruits"
   }
},
{
   "model": "meal.ingredient",
   "pk": 3425,
   "fields": {
      "name": "Sweet potatoes",
      "description": null,
      "ingredient_group": "Veggies & Fruits"
   }
},
{
   "model": "meal.ingredient",
   "pk": 3426,
   "fields": {
      "name": "Swiss chard",
      "description": null,
      "ingredient_group": "Veggies & Fruits"
   }
},
{
   "model": "meal.ingredient",
   "pk": 3427,
   "fields": {
      "name": "Tomatoes",
      "description": null,
      "ingredient_group": "Veggies & Fruits"
   }
},
{
   "model": "meal.ingredient",
   "pk": 3428,
   "fields": {
      "name": "Turnips",
      "description": null,
      "ingredient_group": "Veggies & Fruits"
   }
},
{
   "model": "meal.ingredient",
   "pk": 3429,
   "fields": {
      "name": "Yellow beans",
      "description": null,
      "ingredient_group": "Veggies & Fruits"
   }
},
{
   "model": "meal.ingredient",
   "pk": 3430,
   "fields": {
      "name": "zucchini",
      "description": null,
      "ingredient_group": "Veggies & Fruits"
   }
},
{
   "model": "meal.component",
   "pk": 1584,
   "fields": {
      "name": "Beef bourguignon",
      "description": null,
      "component_group": "main_dish"
   }
},
{
   "model": "meal.component",
   "pk": 1585,
   "fields": {
      "name": "Beef meatballs",
      "description": null,
      "component_group": "main_dish"
   }
},
{
   "model": "meal.component",
   "pk": 1586,
   "fields": {
      "name": "Beef meatloaf",
      "description": null,
      "component_group": "main_dish"
   }
},
{
   "model": "meal.component",
   "pk": 1587,
   "fields": {
      "name": "Beet and apple salad",
      "description": null,
      "component_group": "main_dish"
   }
},
{
   "model": "meal.component",
   "pk": 1588,
   "fields": {
      "name": "Chicken and squash curry",
      "description": null,
      "component_group": "main_dish"
   }
},
{
   "model": "meal.component",
   "pk": 1589,
   "fields": {
      "name": "Chicken cacciatore",
      "description": null,
      "component_group": "main_dish"
   }
},
{
   "model": "meal.component",
   "pk": 1590,
   "fields": {
      "name": "Chicken pot pie",
      "description": null,
      "component_group": "main_dish"
   }
},
{
   "model": "meal.component",
   "pk": 1591,
   "fields": {
      "name": "Chicken, vegetable and quinoa couscous",
      "description": null,
      "component_group": "main_dish"
   }
},
{
   "model": "meal.component",
   "pk": 1592,
   "fields": {
      "name": "Cod cakes",
      "description": null,
      "component_group": "main_dish"
   }
},
{
   "model": "meal.component",
   "pk": 1593,
   "fields": {
      "name": "Coq au vin",
      "description": null,
      "component_group": "main_dish"
   }
},
{
   "model": "meal.component",
   "pk": 1594,
   "fields": {
      "name": "Creamy salmon pasta",
      "description": null,
      "component_group": "main_dish"
   }
},
{
   "model": "meal.component",
   "pk": 1595,
   "fields": {
      "name": "Egg and salmon salad",
      "description": null,
      "component_group": "main_dish"
   }
},
{
   "model": "meal.component",
   "pk": 1596,
   "fields": {
      "name": "Eggplant parmesan",
      "description": null,
      "component_group": "main_dish"
   }
},
{
   "model": "meal.component",
   "pk": 1597,
   "fields": {
      "name": "Fish chowder",
      "description": null,
      "component_group": "main_dish"
   }
},
{
   "model": "meal.component",
   "pk": 1598,
   "fields": {
      "name": "Ginger pork",
      "description": null,
      "component_group": "main_dish"
   }
},
{
   "model": "meal.component",
   "pk": 1599,
   "fields": {
      "name": "Lemon baked haddock",
      "description": null,
      "component_group": "main_dish"
   }
},
{
   "model": "meal.component",
   "pk": 1600,
   "fields": {
      "name": "Macaroni and cheese",
      "description": null,
      "component_group": "main_dish"
   }
},
{
   "model": "meal.component",
   "pk": 1601,
   "fields": {
      "name": "Meat pie",
      "description": null,
      "component_group": "main_dish"
   }
},
{
   "model": "meal.component",
   "pk": 1602,
   "fields": {
      "name": "Moussaka",
      "description": null,
      "component_group": "main_dish"
   }
},
{
   "model": "meal.component",
   "pk": 1603,
   "fields": {
      "name": "Mushroom rice casserole",
      "description": null,
      "component_group": "main_dish"
   }
},
{
   "model": "meal.component",
   "pk": 1604,
   "fields": {
      "name": "Ni\u00e7oise salad",
      "description": null,
      "component_group": "main_dish"
   }
},
{
   "model": "meal.component",
   "pk": 1605,
   "fields": {
      "name": "Peanut chicken with rice noodles",
      "description": null,
      "component_group": "main_dish"
   }
},
{
   "model": "meal.component",
   "pk": 1606,
   "fields": {
      "name": "Penne with pesto and feta",
      "description": null,
      "component_group": "main_dish"
   }
},
{
   "model": "meal.component",
   "pk": 1607,
   "fields": {
      "name": "Roast beef",
      "description": null,
      "component_group": "main_dish"
   }
},
{
   "model": "meal.component",
   "pk": 1608,
   "fields": {
      "name": "Salmon and egg salad",
      "description": null,
      "component_group": "main_dish"
   }
},
{
   "model": "meal.component",
   "pk": 1609,
   "fields": {
      "name": "Sausage and cabbage",
      "description": null,
      "component_group": "main_dish"
   }
},
{
   "model": "meal.component",
   "pk": 1610,
   "fields": {
      "name": "Sausage cassoulet",
      "description": null,
      "component_group": "main_dish"
   }
},
{
   "model": "meal.component",
   "pk": 1611,
   "fields": {
      "name": "Seafood pilaf",
      "description": null,
      "component_group": "main_dish"
   }
},
{
   "model": "meal.component",
   "pk": 1612,
   "fields": {
      "name": "Shepherd's pie",
      "description": null,
      "component_group": "main_dish"
   }
},
{
   "model": "meal.component",
   "pk": 1613,
   "fields": {
      "name": "Shrimp and mushroom linguini",
      "description": null,
      "component_group": "main_dish"
   }
},
{
   "model": "meal.component",
   "pk": 1614,
   "fields": {
      "name": "Shrimp stir-fry",
      "description": null,
      "component_group": "main_dish"
   }
},
{
   "model": "meal.component",
   "pk": 1615,
   "fields": {
      "name": "Spaghetti with meat sauce",
      "description": null,
      "component_group": "main_dish"
   }
},
{
   "model": "meal.component",
   "pk": 1616,
   "fields": {
      "name": "Turkey with mushroom sauce",
      "description": null,
      "component_group": "main_dish"
   }
},
{
   "model": "meal.component",
   "pk": 1617,
   "fields": {
      "name": "Vegatable and chickpea curry",
      "description": null,
      "component_group": "main_dish"
   }
},
{
   "model": "meal.component",
   "pk": 1618,
   "fields": {
      "name": "Vegetable fried rice",
      "description": null,
      "component_group": "main_dish"
   }
},
{
   "model": "meal.component",
   "pk": 1619,
   "fields": {
      "name": "Vegetable lasagna",
      "description": null,
      "component_group": "main_dish"
   }
},
{
   "model": "meal.component",
   "pk": 1620,
   "fields": {
      "name": "Vegetarian chili",
      "description": null,
      "component_group": "main_dish"
   }
},
{
   "model": "meal.component",
   "pk": 1621,
   "fields": {
      "name": "Vegetarian quiche",
      "description": null,
      "component_group": "main_dish"
   }
},
{
   "model": "meal.component",
   "pk": 1622,
   "fields": {
      "name": "Walnut and cranberry rice salad",
      "description": null,
      "component_group": "main_dish"
   }
},
{
   "model": "meal.component_ingredient",
   "pk": 2658,
   "fields": {
      "component": 1584,
      "ingredient": 3363,
      "date": null
   }
},
{
   "model": "meal.component_ingredient",
   "pk": 2659,
   "fields": {
      "component": 1584,
      "ingredient": 3331,
      "date": null
   }
},
{
   "model": "meal.component_ingredient",
   "pk": 2660,
   "fields": {
      "component": 1584,
      "ingredient": 3390,
      "date": null
   }
},
{
   "model": "meal.component_ingredient",
   "pk": 2661,
   "fields": {
      "component": 1584,
      "ingredient": 3399,
      "date": null
   }
},
{
   "model": "meal.component_ingredient",
   "pk": 2662,
   "fields": {
      "component": 1584,
      "ingredient": 3411,
      "date": null
   }
},
{
   "model": "meal.component_ingredient",
   "pk": 2663,
   "fields": {
      "component": 1584,
      "ingredient": 3413,
      "date": null
   }
},
{
   "model": "meal.component_ingredient",
   "pk": 2664,
   "fields": {
      "component": 1584,
      "ingredient": 3311,
      "date": null
   }
},
{
   "model": "meal.component_ingredient",
   "pk": 2665,
   "fields": {
      "component": 1584,
      "ingredient": 3352,
      "date": null
   }
},
{
   "model": "meal.component_ingredient",
   "pk": 2666,
   "fields": {
      "component": 1584,
      "ingredient": 3313,
      "date": null
   }
},
{
   "model": "meal.component_ingredient",
   "pk": 2667,
   "fields": {
      "component": 1584,
      "ingredient": 3427,
      "date": null
   }
},
{
   "model": "meal.component_ingredient",
   "pk": 2668,
   "fields": {
      "component": 1584,
      "ingredient": 3323,
      "date": null
   }
},
{
   "model": "meal.component_ingredient",
   "pk": 2669,
   "fields": {
      "component": 1585,
      "ingredient": 3316,
      "date": null
   }
},
{
   "model": "meal.component_ingredient",
   "pk": 2670,
   "fields": {
      "component": 1585,
      "ingredient": 3271,
      "date": null
   }
},
{
   "model": "meal.component_ingredient",
   "pk": 2671,
   "fields": {
      "component": 1585,
      "ingredient": 3273,
      "date": null
   }
},
{
   "model": "meal.component_ingredient",
   "pk": 2672,
   "fields": {
      "component": 1585,
      "ingredient": 3399,
      "date": null
   }
},
{
   "model": "meal.component_ingredient",
   "pk": 2673,
   "fields": {
      "component": 1585,
      "ingredient": 3334,
      "date": null
   }
},
{
   "model": "meal.component_ingredient",
   "pk": 2674,
   "fields": {
      "component": 1585,
      "ingredient": 3275,
      "date": null
   }
},
{
   "model": "meal.component_ingredient",
   "pk": 2675,
   "fields": {
      "component": 1585,
      "ingredient": 3413,
      "date": null
   }
},
{
   "model": "meal.component_ingredient",
   "pk": 2676,
   "fields": {
      "component": 1585,
      "ingredient": 3310,
      "date": null
   }
},
{
   "model": "meal.component_ingredient",
   "pk": 2677,
   "fields": {
      "component": 1585,
      "ingredient": 3427,
      "date": null
   }
},
{
   "model": "meal.component_ingredient",
   "pk": 2678,
   "fields": {
      "component": 1585,
      "ingredient": 3430,
      "date": null
   }
},
{
   "model": "meal.component_ingredient",
   "pk": 2679,
   "fields": {
      "component": 1586,
      "ingredient": 3316,
      "date": null
   }
},
{
   "model": "meal.component_ingredient",
   "pk": 2680,
   "fields": {
      "component": 1586,
      "ingredient": 3317,
      "date": null
   }
},
{
   "model": "meal.component_ingredient",
   "pk": 2681,
   "fields": {
      "component": 1586,
      "ingredient": 3273,
      "date": null
   }
},
{
   "model": "meal.component_ingredient",
   "pk": 2682,
   "fields": {
      "component": 1586,
      "ingredient": 3399,
      "date": null
   }
},
{
   "model": "meal.component_ingredient",
   "pk": 2683,
   "fields": {
      "component": 1586,
      "ingredient": 3334,
      "date": null
   }
},
{
   "model": "meal.component_ingredient",
   "pk": 2684,
   "fields": {
      "component": 1586,
      "ingredient": 3275,
      "date": null
   }
},
{
   "model": "meal.component_ingredient",
   "pk": 2685,
   "fields": {
      "component": 1586,
      "ingredient": 3413,
      "date": null
   }
},
{
   "model": "meal.component_ingredient",
   "pk": 2686,
   "fields": {
      "component": 1586,
      "ingredient": 3427,
      "date": null
   }
},
{
   "model": "meal.component_ingredient",
   "pk": 2687,
   "fields": {
      "component": 1587,
      "ingredient": 3380,
      "date": null
   }
},
{
   "model": "meal.component_ingredient",
   "pk": 2688,
   "fields": {
      "component": 1587,
      "ingredient": 3385,
      "date": null
   }
},
{
   "model": "meal.component_ingredient",
   "pk": 2689,
   "fields": {
      "component": 1587,
      "ingredient": 3264,
      "date": null
   }
},
{
   "model": "meal.component_ingredient",
   "pk": 2690,
   "fields": {
      "component": 1587,
      "ingredient": 3347,
      "date": null
   }
},
{
   "model": "meal.component_ingredient",
   "pk": 2691,
   "fields": {
      "component": 1587,
      "ingredient": 3399,
      "date": null
   }
},
{
   "model": "meal.component_ingredient",
   "pk": 2692,
   "fields": {
      "component": 1587,
      "ingredient": 3408,
      "date": null
   }
},
{
   "model": "meal.component_ingredient",
   "pk": 2693,
   "fields": {
      "component": 1587,
      "ingredient": 3349,
      "date": null
   }
},
{
   "model": "meal.component_ingredient",
   "pk": 2694,
   "fields": {
      "component": 1587,
      "ingredient": 3350,
      "date": null
   }
},
{
   "model": "meal.component_ingredient",
   "pk": 2695,
   "fields": {
      "component": 1587,
      "ingredient": 3413,
      "date": null
   }
},
{
   "model": "meal.component_ingredient",
   "pk": 2696,
   "fields": {
      "component": 1588,
      "ingredient": 3332,
      "date": null
   }
},
{
   "model": "meal.component_ingredient",
   "pk": 2697,
   "fields": {
      "component": 1588,
      "ingredient": 3390,
      "date": null
   }
},
{
   "model": "meal.component_ingredient",
   "pk": 2698,
   "fields": {
      "component": 1588,
      "ingredient": 3399,
      "date": null
   }
},
{
   "model": "meal.component_ingredient",
   "pk": 2699,
   "fields": {
      "component": 1588,
      "ingredient": 3400,
      "date": null
   }
},
{
   "model": "meal.component_ingredient",
   "pk": 2700,
   "fields": {
      "component": 1588,
      "ingredient": 3413,
      "date": null
   }
},
{
   "model": "meal.component_ingredient",
   "pk": 2701,
   "fields": {
      "component": 1588,
      "ingredient": 3369,
      "date": null
   }
},
{
   "model": "meal.component_ingredient",
   "pk": 2702,
   "fields": {
      "component": 1588,
      "ingredient": 3370,
      "date": null
   }
},
{
   "model": "meal.component_ingredient",
   "pk": 2703,
   "fields": {
      "component": 1588,
      "ingredient": 3379,
      "date": null
   }
},
{
   "model": "meal.component_ingredient",
   "pk": 2704,
   "fields": {
      "component": 1588,
      "ingredient": 3374,
      "date": null
   }
},
{
   "model": "meal.component_ingredient",
   "pk": 2705,
   "fields": {
      "component": 1588,
      "ingredient": 3372,
      "date": null
   }
},
{
   "model": "meal.component_ingredient",
   "pk": 2706,
   "fields": {
      "component": 1588,
      "ingredient": 3424,
      "date": null
   }
},
{
   "model": "meal.component_ingredient",
   "pk": 2707,
   "fields": {
      "component": 1588,
      "ingredient": 3427,
      "date": null
   }
},
{
   "model": "meal.component_ingredient",
   "pk": 2708,
   "fields": {
      "component": 1588,
      "ingredient": 3277,
      "date": null
   }
},
{
   "model": "meal.component_ingredient",
   "pk": 2709,
   "fields": {
      "component": 1588,
      "ingredient": 3430,
      "date": null
   }
},
{
   "model": "meal.component_ingredient",
   "pk": 2710,
   "fields": {
      "component": 1589,
      "ingredient": 3317,
      "date": null
   }
},
{
   "model": "meal.component_ingredient",
   "pk": 2711,
   "fields": {
      "component": 1589,
      "ingredient": 3392,
      "date": null
   }
},
{
   "model": "meal.component_ingredient",
   "pk": 2712,
   "fields": {
      "component": 1589,
      "ingredient": 3333,
      "date": null
   }
},
{
   "model": "meal.component_ingredient",
   "pk": 2713,
   "fields": {
      "component": 1589,
      "ingredient": 3346,
      "date": null
   }
},
{
   "model": "meal.component_ingredient",
   "pk": 2714,
   "fields": {
      "component": 1589,
      "ingredient": 3399,
      "date": null
   }
},
{
   "model": "meal.component_ingredient",
   "pk": 2715,
   "fields": {
      "component": 1589,
      "ingredient": 3413,
      "date": null
   }
},
{
   "model": "meal.component_ingredient",
   "pk": 2716,
   "fields": {
      "component": 1589,
      "ingredient": 3312,
      "date": null
   }
},
{
   "model": "meal.component_ingredient",
   "pk": 2717,
   "fields": {
      "component": 1589,
      "ingredient": 3341,
      "date": null
   }
},
{
   "model": "meal.component_ingredient",
   "pk": 2718,
   "fields": {
      "component": 1589,
      "ingredient": 3293,
      "date": null
   }
},
{
   "model": "meal.component_ingredient",
   "pk": 2719,
   "fields": {
      "component": 1589,
      "ingredient": 3427,
      "date": null
   }
},
{
   "model": "meal.component_ingredient",
   "pk": 2720,
   "fields": {
      "component": 1590,
      "ingredient": 3390,
      "date": null
   }
},
{
   "model": "meal.component_ingredient",
   "pk": 2721,
   "fields": {
      "component": 1590,
      "ingredient": 3392,
      "date": null
   }
},
{
   "model": "meal.component_ingredient",
   "pk": 2722,
   "fields": {
      "component": 1590,
      "ingredient": 3333,
      "date": null
   }
},
{
   "model": "meal.component_ingredient",
   "pk": 2723,
   "fields": {
      "component": 1590,
      "ingredient": 3273,
      "date": null
   }
},
{
   "model": "meal.component_ingredient",
   "pk": 2724,
   "fields": {
      "component": 1590,
      "ingredient": 3399,
      "date": null
   }
},
{
   "model": "meal.component_ingredient",
   "pk": 2725,
   "fields": {
      "component": 1590,
      "ingredient": 3275,
      "date": null
   }
},
{
   "model": "meal.component_ingredient",
   "pk": 2726,
   "fields": {
      "component": 1590,
      "ingredient": 3413,
      "date": null
   }
},
{
   "model": "meal.component_ingredient",
   "pk": 2727,
   "fields": {
      "component": 1590,
      "ingredient": 3311,
      "date": null
   }
},
{
   "model": "meal.component_ingredient",
   "pk": 2728,
   "fields": {
      "component": 1590,
      "ingredient": 3323,
      "date": null
   }
},
{
   "model": "meal.component_ingredient",
   "pk": 2729,
   "fields": {
      "component": 1591,
      "ingredient": 3362,
      "date": null
   }
},
{
   "model": "meal.component_ingredient",
   "pk": 2730,
   "fields": {
      "component": 1591,
      "ingredient": 3365,
      "date": null
   }
},
{
   "model": "meal.component_ingredient",
   "pk": 2731,
   "fields": {
      "component": 1591,
      "ingredient": 3333,
      "date": null
   }
},
{
   "model": "meal.component_ingredient",
   "pk": 2732,
   "fields": {
      "component": 1591,
      "ingredient": 3367,
      "date": null
   }
},
{
   "model": "meal.component_ingredient",
   "pk": 2733,
   "fields": {
      "component": 1591,
      "ingredient": 3368,
      "date": null
   }
},
{
   "model": "meal.component_ingredient",
   "pk": 2734,
   "fields": {
      "component": 1591,
      "ingredient": 3369,
      "date": null
   }
},
{
   "model": "meal.component_ingredient",
   "pk": 2735,
   "fields": {
      "component": 1591,
      "ingredient": 3319,
      "date": null
   }
},
{
   "model": "meal.component_ingredient",
   "pk": 2736,
   "fields": {
      "component": 1591,
      "ingredient": 3398,
      "date": null
   }
},
{
   "model": "meal.component_ingredient",
   "pk": 2737,
   "fields": {
      "component": 1591,
      "ingredient": 3399,
      "date": null
   }
},
{
   "model": "meal.component_ingredient",
   "pk": 2738,
   "fields": {
      "component": 1591,
      "ingredient": 3400,
      "date": null
   }
},
{
   "model": "meal.component_ingredient",
   "pk": 2739,
   "fields": {
      "component": 1591,
      "ingredient": 3404,
      "date": null
   }
},
{
   "model": "meal.component_ingredient",
   "pk": 2740,
   "fields": {
      "component": 1591,
      "ingredient": 3407,
      "date": null
   }
},
{
   "model": "meal.component_ingredient",
   "pk": 2741,
   "fields": {
      "component": 1591,
      "ingredient": 3413,
      "date": null
   }
},
{
   "model": "meal.component_ingredient",
   "pk": 2742,
   "fields": {
      "component": 1591,
      "ingredient": 3376,
      "date": null
   }
},
{
   "model": "meal.component_ingredient",
   "pk": 2743,
   "fields": {
      "component": 1591,
      "ingredient": 3322,
      "date": null
   }
},
{
   "model": "meal.component_ingredient",
   "pk": 2744,
   "fields": {
      "component": 1591,
      "ingredient": 3424,
      "date": null
   }
},
{
   "model": "meal.component_ingredient",
   "pk": 2745,
   "fields": {
      "component": 1591,
      "ingredient": 3427,
      "date": null
   }
},
{
   "model": "meal.component_ingredient",
   "pk": 2746,
   "fields": {
      "component": 1592,
      "ingredient": 3316,
      "date": null
   }
},
{
   "model": "meal.component_ingredient",
   "pk": 2747,
   "fields": {
      "component": 1592,
      "ingredient": 3302,
      "date": null
   }
},
{
   "model": "meal.component_ingredient",
   "pk": 2748,
   "fields": {
      "component": 1592,
      "ingredient": 3308,
      "date": null
   }
},
{
   "model": "meal.component_ingredient",
   "pk": 2749,
   "fields": {
      "component": 1592,
      "ingredient": 3273,
      "date": null
   }
},
{
   "model": "meal.component_ingredient",
   "pk": 2750,
   "fields": {
      "component": 1592,
      "ingredient": 3399,
      "date": null
   }
},
{
   "model": "meal.component_ingredient",
   "pk": 2751,
   "fields": {
      "component": 1592,
      "ingredient": 3407,
      "date": null
   }
},
{
   "model": "meal.component_ingredient",
   "pk": 2752,
   "fields": {
      "component": 1592,
      "ingredient": 3311,
      "date": null
   }
},
{
   "model": "meal.component_ingredient",
   "pk": 2753,
   "fields": {
      "component": 1592,
      "ingredient": 3416,
      "date": null
   }
},
{
   "model": "meal.component_ingredient",
   "pk": 2754,
   "fields": {
      "component": 1592,
      "ingredient": 3277,
      "date": null
   }
},
{
   "model": "meal.component_ingredient",
   "pk": 2755,
   "fields": {
      "component": 1593,
      "ingredient": 3390,
      "date": null
   }
},
{
   "model": "meal.component_ingredient",
   "pk": 2756,
   "fields": {
      "component": 1593,
      "ingredient": 3333,
      "date": null
   }
},
{
   "model": "meal.component_ingredient",
   "pk": 2757,
   "fields": {
      "component": 1593,
      "ingredient": 3346,
      "date": null
   }
},
{
   "model": "meal.component_ingredient",
   "pk": 2758,
   "fields": {
      "component": 1593,
      "ingredient": 3399,
      "date": null
   }
},
{
   "model": "meal.component_ingredient",
   "pk": 2759,
   "fields": {
      "component": 1593,
      "ingredient": 3411,
      "date": null
   }
},
{
   "model": "meal.component_ingredient",
   "pk": 2760,
   "fields": {
      "component": 1593,
      "ingredient": 3413,
      "date": null
   }
},
{
   "model": "meal.component_ingredient",
   "pk": 2761,
   "fields": {
      "component": 1593,
      "ingredient": 3311,
      "date": null
   }
},
{
   "model": "meal.component_ingredient",
   "pk": 2762,
   "fields": {
      "component": 1593,
      "ingredient": 3313,
      "date": null
   }
},
{
   "model": "meal.component_ingredient",
   "pk": 2763,
   "fields": {
      "component": 1593,
      "ingredient": 3323,
      "date": null
   }
},
{
   "model": "meal.component_ingredient",
   "pk": 2764,
   "fields": {
      "component": 1594,
      "ingredient": 3263,
      "date": null
   }
},
{
   "model": "meal.component_ingredient",
   "pk": 2765,
   "fields": {
      "component": 1594,
      "ingredient": 3300,
      "date": null
   }
},
{
   "model": "meal.component_ingredient",
   "pk": 2766,
   "fields": {
      "component": 1594,
      "ingredient": 3390,
      "date": null
   }
},
{
   "model": "meal.component_ingredient",
   "pk": 2767,
   "fields": {
      "component": 1594,
      "ingredient": 3308,
      "date": null
   }
},
{
   "model": "meal.component_ingredient",
   "pk": 2768,
   "fields": {
      "component": 1594,
      "ingredient": 3399,
      "date": null
   }
},
{
   "model": "meal.component_ingredient",
   "pk": 2769,
   "fields": {
      "component": 1594,
      "ingredient": 3407,
      "date": null
   }
},
{
   "model": "meal.component_ingredient",
   "pk": 2770,
   "fields": {
      "component": 1594,
      "ingredient": 3275,
      "date": null
   }
},
{
   "model": "meal.component_ingredient",
   "pk": 2771,
   "fields": {
      "component": 1594,
      "ingredient": 3413,
      "date": null
   }
},
{
   "model": "meal.component_ingredient",
   "pk": 2772,
   "fields": {
      "component": 1594,
      "ingredient": 3427,
      "date": null
   }
},
{
   "model": "meal.component_ingredient",
   "pk": 2773,
   "fields": {
      "component": 1594,
      "ingredient": 3323,
      "date": null
   }
},
{
   "model": "meal.component_ingredient",
   "pk": 2774,
   "fields": {
      "component": 1594,
      "ingredient": 3299,
      "date": null
   }
},
{
   "model": "meal.component_ingredient",
   "pk": 2775,
   "fields": {
      "component": 1594,
      "ingredient": 3430,
      "date": null
   }
},
{
   "model": "meal.component_ingredient",
   "pk": 2776,
   "fields": {
      "component": 1595,
      "ingredient": 3300,
      "date": null
   }
},
{
   "model": "meal.component_ingredient",
   "pk": 2777,
   "fields": {
      "component": 1595,
      "ingredient": 3390,
      "date": null
   }
},
{
   "model": "meal.component_ingredient",
   "pk": 2778,
   "fields": {
      "component": 1595,
      "ingredient": 3308,
      "date": null
   }
},
{
   "model": "meal.component_ingredient",
   "pk": 2779,
   "fields": {
      "component": 1595,
      "ingredient": 3273,
      "date": null
   }
},
{
   "model": "meal.component_ingredient",
   "pk": 2780,
   "fields": {
      "component": 1595,
      "ingredient": 3407,
      "date": null
   }
},
{
   "model": "meal.component_ingredient",
   "pk": 2781,
   "fields": {
      "component": 1595,
      "ingredient": 3408,
      "date": null
   }
},
{
   "model": "meal.component_ingredient",
   "pk": 2782,
   "fields": {
      "component": 1595,
      "ingredient": 3378,
      "date": null
   }
},
{
   "model": "meal.component_ingredient",
   "pk": 2783,
   "fields": {
      "component": 1596,
      "ingredient": 3390,
      "date": null
   }
},
{
   "model": "meal.component_ingredient",
   "pk": 2784,
   "fields": {
      "component": 1596,
      "ingredient": 3392,
      "date": null
   }
},
{
   "model": "meal.component_ingredient",
   "pk": 2785,
   "fields": {
      "component": 1596,
      "ingredient": 3266,
      "date": null
   }
},
{
   "model": "meal.component_ingredient",
   "pk": 2786,
   "fields": {
      "component": 1596,
      "ingredient": 3271,
      "date": null
   }
},
{
   "model": "meal.component_ingredient",
   "pk": 2787,
   "fields": {
      "component": 1596,
      "ingredient": 3398,
      "date": null
   }
},
{
   "model": "meal.component_ingredient",
   "pk": 2788,
   "fields": {
      "component": 1596,
      "ingredient": 3399,
      "date": null
   }
},
{
   "model": "meal.component_ingredient",
   "pk": 2789,
   "fields": {
      "component": 1596,
      "ingredient": 3413,
      "date": null
   }
},
{
   "model": "meal.component_ingredient",
   "pk": 2790,
   "fields": {
      "component": 1596,
      "ingredient": 3352,
      "date": null
   }
},
{
   "model": "meal.component_ingredient",
   "pk": 2791,
   "fields": {
      "component": 1596,
      "ingredient": 3427,
      "date": null
   }
},
{
   "model": "meal.component_ingredient",
   "pk": 2792,
   "fields": {
      "component": 1597,
      "ingredient": 3364,
      "date": null
   }
},
{
   "model": "meal.component_ingredient",
   "pk": 2793,
   "fields": {
      "component": 1597,
      "ingredient": 3263,
      "date": null
   }
},
{
   "model": "meal.component_ingredient",
   "pk": 2794,
   "fields": {
      "component": 1597,
      "ingredient": 3395,
      "date": null
   }
},
{
   "model": "meal.component_ingredient",
   "pk": 2795,
   "fields": {
      "component": 1597,
      "ingredient": 3399,
      "date": null
   }
},
{
   "model": "meal.component_ingredient",
   "pk": 2796,
   "fields": {
      "component": 1597,
      "ingredient": 3303,
      "date": null
   }
},
{
   "model": "meal.component_ingredient",
   "pk": 2797,
   "fields": {
      "component": 1597,
      "ingredient": 3275,
      "date": null
   }
},
{
   "model": "meal.component_ingredient",
   "pk": 2798,
   "fields": {
      "component": 1597,
      "ingredient": 3413,
      "date": null
   }
},
{
   "model": "meal.component_ingredient",
   "pk": 2799,
   "fields": {
      "component": 1597,
      "ingredient": 3416,
      "date": null
   }
},
{
   "model": "meal.component_ingredient",
   "pk": 2800,
   "fields": {
      "component": 1597,
      "ingredient": 3313,
      "date": null
   }
},
{
   "model": "meal.component_ingredient",
   "pk": 2801,
   "fields": {
      "component": 1597,
      "ingredient": 3323,
      "date": null
   }
},
{
   "model": "meal.component_ingredient",
   "pk": 2802,
   "fields": {
      "component": 1598,
      "ingredient": 3390,
      "date": null
   }
},
{
   "model": "meal.component_ingredient",
   "pk": 2803,
   "fields": {
      "component": 1598,
      "ingredient": 3282,
      "date": null
   }
},
{
   "model": "meal.component_ingredient",
   "pk": 2804,
   "fields": {
      "component": 1598,
      "ingredient": 3399,
      "date": null
   }
},
{
   "model": "meal.component_ingredient",
   "pk": 2805,
   "fields": {
      "component": 1598,
      "ingredient": 3400,
      "date": null
   }
},
{
   "model": "meal.component_ingredient",
   "pk": 2806,
   "fields": {
      "component": 1598,
      "ingredient": 3335,
      "date": null
   }
},
{
   "model": "meal.component_ingredient",
   "pk": 2807,
   "fields": {
      "component": 1598,
      "ingredient": 3413,
      "date": null
   }
},
{
   "model": "meal.component_ingredient",
   "pk": 2808,
   "fields": {
      "component": 1598,
      "ingredient": 3290,
      "date": null
   }
},
{
   "model": "meal.component_ingredient",
   "pk": 2809,
   "fields": {
      "component": 1598,
      "ingredient": 3355,
      "date": null
   }
},
{
   "model": "meal.component_ingredient",
   "pk": 2810,
   "fields": {
      "component": 1598,
      "ingredient": 3356,
      "date": null
   }
},
{
   "model": "meal.component_ingredient",
   "pk": 2811,
   "fields": {
      "component": 1598,
      "ingredient": 3291,
      "date": null
   }
},
{
   "model": "meal.component_ingredient",
   "pk": 2812,
   "fields": {
      "component": 1598,
      "ingredient": 3357,
      "date": null
   }
},
{
   "model": "meal.component_ingredient",
   "pk": 2813,
   "fields": {
      "component": 1598,
      "ingredient": 3430,
      "date": null
   }
},
{
   "model": "meal.component_ingredient",
   "pk": 2814,
   "fields": {
      "component": 1599,
      "ingredient": 3364,
      "date": null
   }
},
{
   "model": "meal.component_ingredient",
   "pk": 2815,
   "fields": {
      "component": 1599,
      "ingredient": 3316,
      "date": null
   }
},
{
   "model": "meal.component_ingredient",
   "pk": 2816,
   "fields": {
      "component": 1599,
      "ingredient": 3266,
      "date": null
   }
},
{
   "model": "meal.component_ingredient",
   "pk": 2817,
   "fields": {
      "component": 1599,
      "ingredient": 3273,
      "date": null
   }
},
{
   "model": "meal.component_ingredient",
   "pk": 2818,
   "fields": {
      "component": 1599,
      "ingredient": 3399,
      "date": null
   }
},
{
   "model": "meal.component_ingredient",
   "pk": 2819,
   "fields": {
      "component": 1599,
      "ingredient": 3303,
      "date": null
   }
},
{
   "model": "meal.component_ingredient",
   "pk": 2820,
   "fields": {
      "component": 1599,
      "ingredient": 3407,
      "date": null
   }
},
{
   "model": "meal.component_ingredient",
   "pk": 2821,
   "fields": {
      "component": 1599,
      "ingredient": 3275,
      "date": null
   }
},
{
   "model": "meal.component_ingredient",
   "pk": 2822,
   "fields": {
      "component": 1599,
      "ingredient": 3413,
      "date": null
   }
},
{
   "model": "meal.component_ingredient",
   "pk": 2823,
   "fields": {
      "component": 1599,
      "ingredient": 3416,
      "date": null
   }
},
{
   "model": "meal.component_ingredient",
   "pk": 2824,
   "fields": {
      "component": 1599,
      "ingredient": 3378,
      "date": null
   }
},
{
   "model": "meal.component_ingredient",
   "pk": 2825,
   "fields": {
      "component": 1600,
      "ingredient": 3316,
      "date": null
   }
},
{
   "model": "meal.component_ingredient",
   "pk": 2826,
   "fields": {
      "component": 1600,
      "ingredient": 3263,
      "date": null
   }
},
{
   "model": "meal.component_ingredient",
   "pk": 2827,
   "fields": {
      "component": 1600,
      "ingredient": 3391,
      "date": null
   }
},
{
   "model": "meal.component_ingredient",
   "pk": 2828,
   "fields": {
      "component": 1600,
      "ingredient": 3266,
      "date": null
   }
},
{
   "model": "meal.component_ingredient",
   "pk": 2829,
   "fields": {
      "component": 1600,
      "ingredient": 3271,
      "date": null
   }
},
{
   "model": "meal.component_ingredient",
   "pk": 2830,
   "fields": {
      "component": 1600,
      "ingredient": 3306,
      "date": null
   }
},
{
   "model": "meal.component_ingredient",
   "pk": 2831,
   "fields": {
      "component": 1600,
      "ingredient": 3399,
      "date": null
   }
},
{
   "model": "meal.component_ingredient",
   "pk": 2832,
   "fields": {
      "component": 1600,
      "ingredient": 3402,
      "date": null
   }
},
{
   "model": "meal.component_ingredient",
   "pk": 2833,
   "fields": {
      "component": 1600,
      "ingredient": 3275,
      "date": null
   }
},
{
   "model": "meal.component_ingredient",
   "pk": 2834,
   "fields": {
      "component": 1600,
      "ingredient": 3411,
      "date": null
   }
},
{
   "model": "meal.component_ingredient",
   "pk": 2835,
   "fields": {
      "component": 1600,
      "ingredient": 3374,
      "date": null
   }
},
{
   "model": "meal.component_ingredient",
   "pk": 2836,
   "fields": {
      "component": 1600,
      "ingredient": 3375,
      "date": null
   }
},
{
   "model": "meal.component_ingredient",
   "pk": 2837,
   "fields": {
      "component": 1600,
      "ingredient": 3413,
      "date": null
   }
},
{
   "model": "meal.component_ingredient",
   "pk": 2838,
   "fields": {
      "component": 1600,
      "ingredient": 3311,
      "date": null
   }
},
{
   "model": "meal.component_ingredient",
   "pk": 2839,
   "fields": {
      "component": 1600,
      "ingredient": 3294,
      "date": null
   }
},
{
   "model": "meal.component_ingredient",
   "pk": 2840,
   "fields": {
      "component": 1600,
      "ingredient": 3323,
      "date": null
   }
},
{
   "model": "meal.component_ingredient",
   "pk": 2841,
   "fields": {
      "component": 1600,
      "ingredient": 3297,
      "date": null
   }
},
{
   "model": "meal.component_ingredient",
   "pk": 2842,
   "fields": {
      "component": 1601,
      "ingredient": 3364,
      "date": null
   }
},
{
   "model": "meal.component_ingredient",
   "pk": 2843,
   "fields": {
      "component": 1601,
      "ingredient": 3316,
      "date": null
   }
},
{
   "model": "meal.component_ingredient",
   "pk": 2844,
   "fields": {
      "component": 1601,
      "ingredient": 3367,
      "date": null
   }
},
{
   "model": "meal.component_ingredient",
   "pk": 2845,
   "fields": {
      "component": 1601,
      "ingredient": 3399,
      "date": null
   }
},
{
   "model": "meal.component_ingredient",
   "pk": 2846,
   "fields": {
      "component": 1601,
      "ingredient": 3334,
      "date": null
   }
},
{
   "model": "meal.component_ingredient",
   "pk": 2847,
   "fields": {
      "component": 1601,
      "ingredient": 3335,
      "date": null
   }
},
{
   "model": "meal.component_ingredient",
   "pk": 2848,
   "fields": {
      "component": 1601,
      "ingredient": 3375,
      "date": null
   }
},
{
   "model": "meal.component_ingredient",
   "pk": 2849,
   "fields": {
      "component": 1601,
      "ingredient": 3413,
      "date": null
   }
},
{
   "model": "meal.component_ingredient",
   "pk": 2850,
   "fields": {
      "component": 1601,
      "ingredient": 3416,
      "date": null
   }
},
{
   "model": "meal.component_ingredient",
   "pk": 2851,
   "fields": {
      "component": 1601,
      "ingredient": 3323,
      "date": null
   }
},
{
   "model": "meal.component_ingredient",
   "pk": 2852,
   "fields": {
      "component": 1602,
      "ingredient": 3362,
      "date": null
   }
},
{
   "model": "meal.component_ingredient",
   "pk": 2853,
   "fields": {
      "component": 1602,
      "ingredient": 3263,
      "date": null
   }
},
{
   "model": "meal.component_ingredient",
   "pk": 2854,
   "fields": {
      "component": 1602,
      "ingredient": 3271,
      "date": null
   }
},
{
   "model": "meal.component_ingredient",
   "pk": 2855,
   "fields": {
      "component": 1602,
      "ingredient": 3367,
      "date": null
   }
},
{
   "model": "meal.component_ingredient",
   "pk": 2856,
   "fields": {
      "component": 1602,
      "ingredient": 3398,
      "date": null
   }
},
{
   "model": "meal.component_ingredient",
   "pk": 2857,
   "fields": {
      "component": 1602,
      "ingredient": 3273,
      "date": null
   }
},
{
   "model": "meal.component_ingredient",
   "pk": 2858,
   "fields": {
      "component": 1602,
      "ingredient": 3399,
      "date": null
   }
},
{
   "model": "meal.component_ingredient",
   "pk": 2859,
   "fields": {
      "component": 1602,
      "ingredient": 3334,
      "date": null
   }
},
{
   "model": "meal.component_ingredient",
   "pk": 2860,
   "fields": {
      "component": 1602,
      "ingredient": 3275,
      "date": null
   }
},
{
   "model": "meal.component_ingredient",
   "pk": 2861,
   "fields": {
      "component": 1602,
      "ingredient": 3413,
      "date": null
   }
},
{
   "model": "meal.component_ingredient",
   "pk": 2862,
   "fields": {
      "component": 1602,
      "ingredient": 3310,
      "date": null
   }
},
{
   "model": "meal.component_ingredient",
   "pk": 2863,
   "fields": {
      "component": 1602,
      "ingredient": 3427,
      "date": null
   }
},
{
   "model": "meal.component_ingredient",
   "pk": 2864,
   "fields": {
      "component": 1602,
      "ingredient": 3323,
      "date": null
   }
},
{
   "model": "meal.component_ingredient",
   "pk": 2865,
   "fields": {
      "component": 1603,
      "ingredient": 3364,
      "date": null
   }
},
{
   "model": "meal.component_ingredient",
   "pk": 2866,
   "fields": {
      "component": 1603,
      "ingredient": 3317,
      "date": null
   }
},
{
   "model": "meal.component_ingredient",
   "pk": 2867,
   "fields": {
      "component": 1603,
      "ingredient": 3390,
      "date": null
   }
},
{
   "model": "meal.component_ingredient",
   "pk": 2868,
   "fields": {
      "component": 1603,
      "ingredient": 3271,
      "date": null
   }
},
{
   "model": "meal.component_ingredient",
   "pk": 2869,
   "fields": {
      "component": 1603,
      "ingredient": 3399,
      "date": null
   }
},
{
   "model": "meal.component_ingredient",
   "pk": 2870,
   "fields": {
      "component": 1603,
      "ingredient": 3406,
      "date": null
   }
},
{
   "model": "meal.component_ingredient",
   "pk": 2871,
   "fields": {
      "component": 1603,
      "ingredient": 3309,
      "date": null
   }
},
{
   "model": "meal.component_ingredient",
   "pk": 2872,
   "fields": {
      "component": 1603,
      "ingredient": 3411,
      "date": null
   }
},
{
   "model": "meal.component_ingredient",
   "pk": 2873,
   "fields": {
      "component": 1603,
      "ingredient": 3311,
      "date": null
   }
},
{
   "model": "meal.component_ingredient",
   "pk": 2874,
   "fields": {
      "component": 1603,
      "ingredient": 3378,
      "date": null
   }
},
{
   "model": "meal.component_ingredient",
   "pk": 2875,
   "fields": {
      "component": 1603,
      "ingredient": 3294,
      "date": null
   }
},
{
   "model": "meal.component_ingredient",
   "pk": 2876,
   "fields": {
      "component": 1603,
      "ingredient": 3359,
      "date": null
   }
},
{
   "model": "meal.component_ingredient",
   "pk": 2877,
   "fields": {
      "component": 1603,
      "ingredient": 3325,
      "date": null
   }
},
{
   "model": "meal.component_ingredient",
   "pk": 2878,
   "fields": {
      "component": 1603,
      "ingredient": 3430,
      "date": null
   }
},
{
   "model": "meal.component_ingredient",
   "pk": 2879,
   "fields": {
      "component": 1604,
      "ingredient": 3301,
      "date": null
   }
},
{
   "model": "meal.component_ingredient",
   "pk": 2880,
   "fields": {
      "component": 1604,
      "ingredient": 3390,
      "date": null
   }
},
{
   "model": "meal.component_ingredient",
   "pk": 2881,
   "fields": {
      "component": 1604,
      "ingredient": 3347,
      "date": null
   }
},
{
   "model": "meal.component_ingredient",
   "pk": 2882,
   "fields": {
      "component": 1604,
      "ingredient": 3399,
      "date": null
   }
},
{
   "model": "meal.component_ingredient",
   "pk": 2883,
   "fields": {
      "component": 1604,
      "ingredient": 3401,
      "date": null
   }
},
{
   "model": "meal.component_ingredient",
   "pk": 2884,
   "fields": {
      "component": 1604,
      "ingredient": 3407,
      "date": null
   }
},
{
   "model": "meal.component_ingredient",
   "pk": 2885,
   "fields": {
      "component": 1604,
      "ingredient": 3412,
      "date": null
   }
},
{
   "model": "meal.component_ingredient",
   "pk": 2886,
   "fields": {
      "component": 1604,
      "ingredient": 3413,
      "date": null
   }
},
{
   "model": "meal.component_ingredient",
   "pk": 2887,
   "fields": {
      "component": 1604,
      "ingredient": 3378,
      "date": null
   }
},
{
   "model": "meal.component_ingredient",
   "pk": 2888,
   "fields": {
      "component": 1605,
      "ingredient": 3390,
      "date": null
   }
},
{
   "model": "meal.component_ingredient",
   "pk": 2889,
   "fields": {
      "component": 1605,
      "ingredient": 3333,
      "date": null
   }
},
{
   "model": "meal.component_ingredient",
   "pk": 2890,
   "fields": {
      "component": 1605,
      "ingredient": 3307,
      "date": null
   }
},
{
   "model": "meal.component_ingredient",
   "pk": 2891,
   "fields": {
      "component": 1605,
      "ingredient": 3369,
      "date": null
   }
},
{
   "model": "meal.component_ingredient",
   "pk": 2892,
   "fields": {
      "component": 1605,
      "ingredient": 3399,
      "date": null
   }
},
{
   "model": "meal.component_ingredient",
   "pk": 2893,
   "fields": {
      "component": 1605,
      "ingredient": 3400,
      "date": null
   }
},
{
   "model": "meal.component_ingredient",
   "pk": 2894,
   "fields": {
      "component": 1605,
      "ingredient": 3348,
      "date": null
   }
},
{
   "model": "meal.component_ingredient",
   "pk": 2895,
   "fields": {
      "component": 1605,
      "ingredient": 3409,
      "date": null
   }
},
{
   "model": "meal.component_ingredient",
   "pk": 2896,
   "fields": {
      "component": 1605,
      "ingredient": 3413,
      "date": null
   }
},
{
   "model": "meal.component_ingredient",
   "pk": 2897,
   "fields": {
      "component": 1605,
      "ingredient": 3286,
      "date": null
   }
},
{
   "model": "meal.component_ingredient",
   "pk": 2898,
   "fields": {
      "component": 1605,
      "ingredient": 3287,
      "date": null
   }
},
{
   "model": "meal.component_ingredient",
   "pk": 2899,
   "fields": {
      "component": 1605,
      "ingredient": 3290,
      "date": null
   }
},
{
   "model": "meal.component_ingredient",
   "pk": 2900,
   "fields": {
      "component": 1605,
      "ingredient": 3356,
      "date": null
   }
},
{
   "model": "meal.component_ingredient",
   "pk": 2901,
   "fields": {
      "component": 1605,
      "ingredient": 3357,
      "date": null
   }
},
{
   "model": "meal.component_ingredient",
   "pk": 2902,
   "fields": {
      "component": 1605,
      "ingredient": 3379,
      "date": null
   }
},
{
   "model": "meal.component_ingredient",
   "pk": 2903,
   "fields": {
      "component": 1606,
      "ingredient": 3305,
      "date": null
   }
},
{
   "model": "meal.component_ingredient",
   "pk": 2904,
   "fields": {
      "component": 1606,
      "ingredient": 3390,
      "date": null
   }
},
{
   "model": "meal.component_ingredient",
   "pk": 2905,
   "fields": {
      "component": 1606,
      "ingredient": 3268,
      "date": null
   }
},
{
   "model": "meal.component_ingredient",
   "pk": 2906,
   "fields": {
      "component": 1606,
      "ingredient": 3271,
      "date": null
   }
},
{
   "model": "meal.component_ingredient",
   "pk": 2907,
   "fields": {
      "component": 1606,
      "ingredient": 3399,
      "date": null
   }
},
{
   "model": "meal.component_ingredient",
   "pk": 2908,
   "fields": {
      "component": 1606,
      "ingredient": 3407,
      "date": null
   }
},
{
   "model": "meal.component_ingredient",
   "pk": 2909,
   "fields": {
      "component": 1606,
      "ingredient": 3408,
      "date": null
   }
},
{
   "model": "meal.component_ingredient",
   "pk": 2910,
   "fields": {
      "component": 1606,
      "ingredient": 3413,
      "date": null
   }
},
{
   "model": "meal.component_ingredient",
   "pk": 2911,
   "fields": {
      "component": 1606,
      "ingredient": 3294,
      "date": null
   }
},
{
   "model": "meal.component_ingredient",
   "pk": 2912,
   "fields": {
      "component": 1606,
      "ingredient": 3298,
      "date": null
   }
},
{
   "model": "meal.component_ingredient",
   "pk": 2913,
   "fields": {
      "component": 1607,
      "ingredient": 3390,
      "date": null
   }
},
{
   "model": "meal.component_ingredient",
   "pk": 2914,
   "fields": {
      "component": 1607,
      "ingredient": 3392,
      "date": null
   }
},
{
   "model": "meal.component_ingredient",
   "pk": 2915,
   "fields": {
      "component": 1607,
      "ingredient": 3347,
      "date": null
   }
},
{
   "model": "meal.component_ingredient",
   "pk": 2916,
   "fields": {
      "component": 1607,
      "ingredient": 3399,
      "date": null
   }
},
{
   "model": "meal.component_ingredient",
   "pk": 2917,
   "fields": {
      "component": 1607,
      "ingredient": 3411,
      "date": null
   }
},
{
   "model": "meal.component_ingredient",
   "pk": 2918,
   "fields": {
      "component": 1607,
      "ingredient": 3413,
      "date": null
   }
},
{
   "model": "meal.component_ingredient",
   "pk": 2919,
   "fields": {
      "component": 1607,
      "ingredient": 3340,
      "date": null
   }
},
{
   "model": "meal.component_ingredient",
   "pk": 2920,
   "fields": {
      "component": 1608,
      "ingredient": 3300,
      "date": null
   }
},
{
   "model": "meal.component_ingredient",
   "pk": 2921,
   "fields": {
      "component": 1608,
      "ingredient": 3390,
      "date": null
   }
},
{
   "model": "meal.component_ingredient",
   "pk": 2922,
   "fields": {
      "component": 1608,
      "ingredient": 3308,
      "date": null
   }
},
{
   "model": "meal.component_ingredient",
   "pk": 2923,
   "fields": {
      "component": 1608,
      "ingredient": 3273,
      "date": null
   }
},
{
   "model": "meal.component_ingredient",
   "pk": 2924,
   "fields": {
      "component": 1608,
      "ingredient": 3399,
      "date": null
   }
},
{
   "model": "meal.component_ingredient",
   "pk": 2925,
   "fields": {
      "component": 1608,
      "ingredient": 3407,
      "date": null
   }
},
{
   "model": "meal.component_ingredient",
   "pk": 2926,
   "fields": {
      "component": 1608,
      "ingredient": 3408,
      "date": null
   }
},
{
   "model": "meal.component_ingredient",
   "pk": 2927,
   "fields": {
      "component": 1608,
      "ingredient": 3350,
      "date": null
   }
},
{
   "model": "meal.component_ingredient",
   "pk": 2928,
   "fields": {
      "component": 1608,
      "ingredient": 3413,
      "date": null
   }
},
{
   "model": "meal.component_ingredient",
   "pk": 2929,
   "fields": {
      "component": 1609,
      "ingredient": 3364,
      "date": null
   }
},
{
   "model": "meal.component_ingredient",
   "pk": 2930,
   "fields": {
      "component": 1609,
      "ingredient": 3389,
      "date": null
   }
},
{
   "model": "meal.component_ingredient",
   "pk": 2931,
   "fields": {
      "component": 1609,
      "ingredient": 3399,
      "date": null
   }
},
{
   "model": "meal.component_ingredient",
   "pk": 2932,
   "fields": {
      "component": 1609,
      "ingredient": 3413,
      "date": null
   }
},
{
   "model": "meal.component_ingredient",
   "pk": 2933,
   "fields": {
      "component": 1609,
      "ingredient": 3415,
      "date": null
   }
},
{
   "model": "meal.component_ingredient",
   "pk": 2934,
   "fields": {
      "component": 1609,
      "ingredient": 3339,
      "date": null
   }
},
{
   "model": "meal.component_ingredient",
   "pk": 2935,
   "fields": {
      "component": 1609,
      "ingredient": 3416,
      "date": null
   }
},
{
   "model": "meal.component_ingredient",
   "pk": 2936,
   "fields": {
      "component": 1609,
      "ingredient": 3359,
      "date": null
   }
},
{
   "model": "meal.component_ingredient",
   "pk": 2937,
   "fields": {
      "component": 1610,
      "ingredient": 3363,
      "date": null
   }
},
{
   "model": "meal.component_ingredient",
   "pk": 2938,
   "fields": {
      "component": 1610,
      "ingredient": 3390,
      "date": null
   }
},
{
   "model": "meal.component_ingredient",
   "pk": 2939,
   "fields": {
      "component": 1610,
      "ingredient": 3392,
      "date": null
   }
},
{
   "model": "meal.component_ingredient",
   "pk": 2940,
   "fields": {
      "component": 1610,
      "ingredient": 3399,
      "date": null
   }
},
{
   "model": "meal.component_ingredient",
   "pk": 2941,
   "fields": {
      "component": 1610,
      "ingredient": 3413,
      "date": null
   }
},
{
   "model": "meal.component_ingredient",
   "pk": 2942,
   "fields": {
      "component": 1610,
      "ingredient": 3311,
      "date": null
   }
},
{
   "model": "meal.component_ingredient",
   "pk": 2943,
   "fields": {
      "component": 1610,
      "ingredient": 3339,
      "date": null
   }
},
{
   "model": "meal.component_ingredient",
   "pk": 2944,
   "fields": {
      "component": 1610,
      "ingredient": 3313,
      "date": null
   }
},
{
   "model": "meal.component_ingredient",
   "pk": 2945,
   "fields": {
      "component": 1610,
      "ingredient": 3427,
      "date": null
   }
},
{
   "model": "meal.component_ingredient",
   "pk": 2946,
   "fields": {
      "component": 1610,
      "ingredient": 3330,
      "date": null
   }
},
{
   "model": "meal.component_ingredient",
   "pk": 2947,
   "fields": {
      "component": 1611,
      "ingredient": 3317,
      "date": null
   }
},
{
   "model": "meal.component_ingredient",
   "pk": 2948,
   "fields": {
      "component": 1611,
      "ingredient": 3392,
      "date": null
   }
},
{
   "model": "meal.component_ingredient",
   "pk": 2949,
   "fields": {
      "component": 1611,
      "ingredient": 3399,
      "date": null
   }
},
{
   "model": "meal.component_ingredient",
   "pk": 2950,
   "fields": {
      "component": 1611,
      "ingredient": 3413,
      "date": null
   }
},
{
   "model": "meal.component_ingredient",
   "pk": 2951,
   "fields": {
      "component": 1611,
      "ingredient": 3376,
      "date": null
   }
},
{
   "model": "meal.component_ingredient",
   "pk": 2952,
   "fields": {
      "component": 1611,
      "ingredient": 3311,
      "date": null
   }
},
{
   "model": "meal.component_ingredient",
   "pk": 2953,
   "fields": {
      "component": 1611,
      "ingredient": 3360,
      "date": null
   }
},
{
   "model": "meal.component_ingredient",
   "pk": 2954,
   "fields": {
      "component": 1611,
      "ingredient": 3427,
      "date": null
   }
},
{
   "model": "meal.component_ingredient",
   "pk": 2955,
   "fields": {
      "component": 1611,
      "ingredient": 3359,
      "date": null
   }
},
{
   "model": "meal.component_ingredient",
   "pk": 2956,
   "fields": {
      "component": 1612,
      "ingredient": 3316,
      "date": null
   }
},
{
   "model": "meal.component_ingredient",
   "pk": 2957,
   "fields": {
      "component": 1612,
      "ingredient": 3367,
      "date": null
   }
},
{
   "model": "meal.component_ingredient",
   "pk": 2958,
   "fields": {
      "component": 1612,
      "ingredient": 3368,
      "date": null
   }
},
{
   "model": "meal.component_ingredient",
   "pk": 2959,
   "fields": {
      "component": 1612,
      "ingredient": 3395,
      "date": null
   }
},
{
   "model": "meal.component_ingredient",
   "pk": 2960,
   "fields": {
      "component": 1612,
      "ingredient": 3399,
      "date": null
   }
},
{
   "model": "meal.component_ingredient",
   "pk": 2961,
   "fields": {
      "component": 1612,
      "ingredient": 3334,
      "date": null
   }
},
{
   "model": "meal.component_ingredient",
   "pk": 2962,
   "fields": {
      "component": 1612,
      "ingredient": 3275,
      "date": null
   }
},
{
   "model": "meal.component_ingredient",
   "pk": 2963,
   "fields": {
      "component": 1612,
      "ingredient": 3375,
      "date": null
   }
},
{
   "model": "meal.component_ingredient",
   "pk": 2964,
   "fields": {
      "component": 1612,
      "ingredient": 3413,
      "date": null
   }
},
{
   "model": "meal.component_ingredient",
   "pk": 2965,
   "fields": {
      "component": 1612,
      "ingredient": 3376,
      "date": null
   }
},
{
   "model": "meal.component_ingredient",
   "pk": 2966,
   "fields": {
      "component": 1612,
      "ingredient": 3416,
      "date": null
   }
},
{
   "model": "meal.component_ingredient",
   "pk": 2967,
   "fields": {
      "component": 1612,
      "ingredient": 3377,
      "date": null
   }
},
{
   "model": "meal.component_ingredient",
   "pk": 2968,
   "fields": {
      "component": 1612,
      "ingredient": 3313,
      "date": null
   }
},
{
   "model": "meal.component_ingredient",
   "pk": 2969,
   "fields": {
      "component": 1613,
      "ingredient": 3263,
      "date": null
   }
},
{
   "model": "meal.component_ingredient",
   "pk": 2970,
   "fields": {
      "component": 1613,
      "ingredient": 3399,
      "date": null
   }
},
{
   "model": "meal.component_ingredient",
   "pk": 2971,
   "fields": {
      "component": 1613,
      "ingredient": 3275,
      "date": null
   }
},
{
   "model": "meal.component_ingredient",
   "pk": 2972,
   "fields": {
      "component": 1613,
      "ingredient": 3413,
      "date": null
   }
},
{
   "model": "meal.component_ingredient",
   "pk": 2973,
   "fields": {
      "component": 1613,
      "ingredient": 3361,
      "date": null
   }
},
{
   "model": "meal.component_ingredient",
   "pk": 2974,
   "fields": {
      "component": 1613,
      "ingredient": 3378,
      "date": null
   }
},
{
   "model": "meal.component_ingredient",
   "pk": 2975,
   "fields": {
      "component": 1613,
      "ingredient": 3427,
      "date": null
   }
},
{
   "model": "meal.component_ingredient",
   "pk": 2976,
   "fields": {
      "component": 1613,
      "ingredient": 3323,
      "date": null
   }
},
{
   "model": "meal.component_ingredient",
   "pk": 2977,
   "fields": {
      "component": 1614,
      "ingredient": 3387,
      "date": null
   }
},
{
   "model": "meal.component_ingredient",
   "pk": 2978,
   "fields": {
      "component": 1614,
      "ingredient": 3390,
      "date": null
   }
},
{
   "model": "meal.component_ingredient",
   "pk": 2979,
   "fields": {
      "component": 1614,
      "ingredient": 3399,
      "date": null
   }
},
{
   "model": "meal.component_ingredient",
   "pk": 2980,
   "fields": {
      "component": 1614,
      "ingredient": 3400,
      "date": null
   }
},
{
   "model": "meal.component_ingredient",
   "pk": 2981,
   "fields": {
      "component": 1614,
      "ingredient": 3403,
      "date": null
   }
},
{
   "model": "meal.component_ingredient",
   "pk": 2982,
   "fields": {
      "component": 1614,
      "ingredient": 3410,
      "date": null
   }
},
{
   "model": "meal.component_ingredient",
   "pk": 2983,
   "fields": {
      "component": 1614,
      "ingredient": 3411,
      "date": null
   }
},
{
   "model": "meal.component_ingredient",
   "pk": 2984,
   "fields": {
      "component": 1614,
      "ingredient": 3413,
      "date": null
   }
},
{
   "model": "meal.component_ingredient",
   "pk": 2985,
   "fields": {
      "component": 1614,
      "ingredient": 3420,
      "date": null
   }
},
{
   "model": "meal.component_ingredient",
   "pk": 2986,
   "fields": {
      "component": 1614,
      "ingredient": 3290,
      "date": null
   }
},
{
   "model": "meal.component_ingredient",
   "pk": 2987,
   "fields": {
      "component": 1614,
      "ingredient": 3356,
      "date": null
   }
},
{
   "model": "meal.component_ingredient",
   "pk": 2988,
   "fields": {
      "component": 1614,
      "ingredient": 3291,
      "date": null
   }
},
{
   "model": "meal.component_ingredient",
   "pk": 2989,
   "fields": {
      "component": 1614,
      "ingredient": 3361,
      "date": null
   }
},
{
   "model": "meal.component_ingredient",
   "pk": 2990,
   "fields": {
      "component": 1615,
      "ingredient": 3390,
      "date": null
   }
},
{
   "model": "meal.component_ingredient",
   "pk": 2991,
   "fields": {
      "component": 1615,
      "ingredient": 3271,
      "date": null
   }
},
{
   "model": "meal.component_ingredient",
   "pk": 2992,
   "fields": {
      "component": 1615,
      "ingredient": 3399,
      "date": null
   }
},
{
   "model": "meal.component_ingredient",
   "pk": 2993,
   "fields": {
      "component": 1615,
      "ingredient": 3334,
      "date": null
   }
},
{
   "model": "meal.component_ingredient",
   "pk": 2994,
   "fields": {
      "component": 1615,
      "ingredient": 3411,
      "date": null
   }
},
{
   "model": "meal.component_ingredient",
   "pk": 2995,
   "fields": {
      "component": 1615,
      "ingredient": 3413,
      "date": null
   }
},
{
   "model": "meal.component_ingredient",
   "pk": 2996,
   "fields": {
      "component": 1615,
      "ingredient": 3310,
      "date": null
   }
},
{
   "model": "meal.component_ingredient",
   "pk": 2997,
   "fields": {
      "component": 1615,
      "ingredient": 3293,
      "date": null
   }
},
{
   "model": "meal.component_ingredient",
   "pk": 2998,
   "fields": {
      "component": 1615,
      "ingredient": 3427,
      "date": null
   }
},
{
   "model": "meal.component_ingredient",
   "pk": 2999,
   "fields": {
      "component": 1615,
      "ingredient": 3299,
      "date": null
   }
},
{
   "model": "meal.component_ingredient",
   "pk": 3000,
   "fields": {
      "component": 1615,
      "ingredient": 3430,
      "date": null
   }
},
{
   "model": "meal.component_ingredient",
   "pk": 3001,
   "fields": {
      "component": 1616,
      "ingredient": 3317,
      "date": null
   }
},
{
   "model": "meal.component_ingredient",
   "pk": 3002,
   "fields": {
      "component": 1616,
      "ingredient": 3263,
      "date": null
   }
},
{
   "model": "meal.component_ingredient",
   "pk": 3003,
   "fields": {
      "component": 1616,
      "ingredient": 3392,
      "date": null
   }
},
{
   "model": "meal.component_ingredient",
   "pk": 3004,
   "fields": {
      "component": 1616,
      "ingredient": 3399,
      "date": null
   }
},
{
   "model": "meal.component_ingredient",
   "pk": 3005,
   "fields": {
      "component": 1616,
      "ingredient": 3411,
      "date": null
   }
},
{
   "model": "meal.component_ingredient",
   "pk": 3006,
   "fields": {
      "component": 1616,
      "ingredient": 3413,
      "date": null
   }
},
{
   "model": "meal.component_ingredient",
   "pk": 3007,
   "fields": {
      "component": 1616,
      "ingredient": 3427,
      "date": null
   }
},
{
   "model": "meal.component_ingredient",
   "pk": 3008,
   "fields": {
      "component": 1616,
      "ingredient": 3343,
      "date": null
   }
},
{
   "model": "meal.component_ingredient",
   "pk": 3009,
   "fields": {
      "component": 1616,
      "ingredient": 3323,
      "date": null
   }
},
{
   "model": "meal.component_ingredient",
   "pk": 3010,
   "fields": {
      "component": 1616,
      "ingredient": 3359,
      "date": null
   }
},
{
   "model": "meal.component_ingredient",
   "pk": 3011,
   "fields": {
      "component": 1617,
      "ingredient": 3305,
      "date": null
   }
},
{
   "model": "meal.component_ingredient",
   "pk": 3012,
   "fields": {
      "component": 1617,
      "ingredient": 3389,
      "date": null
   }
},
{
   "model": "meal.component_ingredient",
   "pk": 3013,
   "fields": {
      "component": 1617,
      "ingredient": 3327,
      "date": null
   }
},
{
   "model": "meal.component_ingredient",
   "pk": 3014,
   "fields": {
      "component": 1617,
      "ingredient": 3306,
      "date": null
   }
},
{
   "model": "meal.component_ingredient",
   "pk": 3015,
   "fields": {
      "component": 1617,
      "ingredient": 3307,
      "date": null
   }
},
{
   "model": "meal.component_ingredient",
   "pk": 3016,
   "fields": {
      "component": 1617,
      "ingredient": 3308,
      "date": null
   }
},
{
   "model": "meal.component_ingredient",
   "pk": 3017,
   "fields": {
      "component": 1617,
      "ingredient": 3398,
      "date": null
   }
},
{
   "model": "meal.component_ingredient",
   "pk": 3018,
   "fields": {
      "component": 1617,
      "ingredient": 3399,
      "date": null
   }
},
{
   "model": "meal.component_ingredient",
   "pk": 3019,
   "fields": {
      "component": 1617,
      "ingredient": 3402,
      "date": null
   }
},
{
   "model": "meal.component_ingredient",
   "pk": 3020,
   "fields": {
      "component": 1617,
      "ingredient": 3403,
      "date": null
   }
},
{
   "model": "meal.component_ingredient",
   "pk": 3021,
   "fields": {
      "component": 1617,
      "ingredient": 3309,
      "date": null
   }
},
{
   "model": "meal.component_ingredient",
   "pk": 3022,
   "fields": {
      "component": 1617,
      "ingredient": 3413,
      "date": null
   }
},
{
   "model": "meal.component_ingredient",
   "pk": 3023,
   "fields": {
      "component": 1617,
      "ingredient": 3310,
      "date": null
   }
},
{
   "model": "meal.component_ingredient",
   "pk": 3024,
   "fields": {
      "component": 1617,
      "ingredient": 3311,
      "date": null
   }
},
{
   "model": "meal.component_ingredient",
   "pk": 3025,
   "fields": {
      "component": 1617,
      "ingredient": 3420,
      "date": null
   }
},
{
   "model": "meal.component_ingredient",
   "pk": 3026,
   "fields": {
      "component": 1617,
      "ingredient": 3312,
      "date": null
   }
},
{
   "model": "meal.component_ingredient",
   "pk": 3027,
   "fields": {
      "component": 1617,
      "ingredient": 3424,
      "date": null
   }
},
{
   "model": "meal.component_ingredient",
   "pk": 3028,
   "fields": {
      "component": 1617,
      "ingredient": 3313,
      "date": null
   }
},
{
   "model": "meal.component_ingredient",
   "pk": 3029,
   "fields": {
      "component": 1617,
      "ingredient": 3427,
      "date": null
   }
},
{
   "model": "meal.component_ingredient",
   "pk": 3030,
   "fields": {
      "component": 1617,
      "ingredient": 3430,
      "date": null
   }
},
{
   "model": "meal.component_ingredient",
   "pk": 3031,
   "fields": {
      "component": 1618,
      "ingredient": 3317,
      "date": null
   }
},
{
   "model": "meal.component_ingredient",
   "pk": 3032,
   "fields": {
      "component": 1618,
      "ingredient": 3390,
      "date": null
   }
},
{
   "model": "meal.component_ingredient",
   "pk": 3033,
   "fields": {
      "component": 1618,
      "ingredient": 3307,
      "date": null
   }
},
{
   "model": "meal.component_ingredient",
   "pk": 3034,
   "fields": {
      "component": 1618,
      "ingredient": 3398,
      "date": null
   }
},
{
   "model": "meal.component_ingredient",
   "pk": 3035,
   "fields": {
      "component": 1618,
      "ingredient": 3273,
      "date": null
   }
},
{
   "model": "meal.component_ingredient",
   "pk": 3036,
   "fields": {
      "component": 1618,
      "ingredient": 3399,
      "date": null
   }
},
{
   "model": "meal.component_ingredient",
   "pk": 3037,
   "fields": {
      "component": 1618,
      "ingredient": 3400,
      "date": null
   }
},
{
   "model": "meal.component_ingredient",
   "pk": 3038,
   "fields": {
      "component": 1618,
      "ingredient": 3413,
      "date": null
   }
},
{
   "model": "meal.component_ingredient",
   "pk": 3039,
   "fields": {
      "component": 1618,
      "ingredient": 3354,
      "date": null
   }
},
{
   "model": "meal.component_ingredient",
   "pk": 3040,
   "fields": {
      "component": 1618,
      "ingredient": 3357,
      "date": null
   }
},
{
   "model": "meal.component_ingredient",
   "pk": 3041,
   "fields": {
      "component": 1618,
      "ingredient": 3430,
      "date": null
   }
},
{
   "model": "meal.component_ingredient",
   "pk": 3042,
   "fields": {
      "component": 1619,
      "ingredient": 3266,
      "date": null
   }
},
{
   "model": "meal.component_ingredient",
   "pk": 3043,
   "fields": {
      "component": 1619,
      "ingredient": 3271,
      "date": null
   }
},
{
   "model": "meal.component_ingredient",
   "pk": 3044,
   "fields": {
      "component": 1619,
      "ingredient": 3398,
      "date": null
   }
},
{
   "model": "meal.component_ingredient",
   "pk": 3045,
   "fields": {
      "component": 1619,
      "ingredient": 3399,
      "date": null
   }
},
{
   "model": "meal.component_ingredient",
   "pk": 3046,
   "fields": {
      "component": 1619,
      "ingredient": 3411,
      "date": null
   }
},
{
   "model": "meal.component_ingredient",
   "pk": 3047,
   "fields": {
      "component": 1619,
      "ingredient": 3413,
      "date": null
   }
},
{
   "model": "meal.component_ingredient",
   "pk": 3048,
   "fields": {
      "component": 1619,
      "ingredient": 3310,
      "date": null
   }
},
{
   "model": "meal.component_ingredient",
   "pk": 3049,
   "fields": {
      "component": 1619,
      "ingredient": 3423,
      "date": null
   }
},
{
   "model": "meal.component_ingredient",
   "pk": 3050,
   "fields": {
      "component": 1619,
      "ingredient": 3427,
      "date": null
   }
},
{
   "model": "meal.component_ingredient",
   "pk": 3051,
   "fields": {
      "component": 1619,
      "ingredient": 3295,
      "date": null
   }
},
{
   "model": "meal.component_ingredient",
   "pk": 3052,
   "fields": {
      "component": 1619,
      "ingredient": 3430,
      "date": null
   }
},
{
   "model": "meal.component_ingredient",
   "pk": 3053,
   "fields": {
      "component": 1620,
      "ingredient": 3390,
      "date": null
   }
},
{
   "model": "meal.component_ingredient",
   "pk": 3054,
   "fields": {
      "component": 1620,
      "ingredient": 3327,
      "date": null
   }
},
{
   "model": "meal.component_ingredient",
   "pk": 3055,
   "fields": {
      "component": 1620,
      "ingredient": 3366,
      "date": null
   }
},
{
   "model": "meal.component_ingredient",
   "pk": 3056,
   "fields": {
      "component": 1620,
      "ingredient": 3395,
      "date": null
   }
},
{
   "model": "meal.component_ingredient",
   "pk": 3057,
   "fields": {
      "component": 1620,
      "ingredient": 3370,
      "date": null
   }
},
{
   "model": "meal.component_ingredient",
   "pk": 3058,
   "fields": {
      "component": 1620,
      "ingredient": 3399,
      "date": null
   }
},
{
   "model": "meal.component_ingredient",
   "pk": 3059,
   "fields": {
      "component": 1620,
      "ingredient": 3328,
      "date": null
   }
},
{
   "model": "meal.component_ingredient",
   "pk": 3060,
   "fields": {
      "component": 1620,
      "ingredient": 3413,
      "date": null
   }
},
{
   "model": "meal.component_ingredient",
   "pk": 3061,
   "fields": {
      "component": 1620,
      "ingredient": 3310,
      "date": null
   }
},
{
   "model": "meal.component_ingredient",
   "pk": 3062,
   "fields": {
      "component": 1620,
      "ingredient": 3425,
      "date": null
   }
},
{
   "model": "meal.component_ingredient",
   "pk": 3063,
   "fields": {
      "component": 1620,
      "ingredient": 3427,
      "date": null
   }
},
{
   "model": "meal.component_ingredient",
   "pk": 3064,
   "fields": {
      "component": 1620,
      "ingredient": 3430,
      "date": null
   }
},
{
   "model": "meal.component_ingredient",
   "pk": 3065,
   "fields": {
      "component": 1621,
      "ingredient": 3305,
      "date": null
   }
},
{
   "model": "meal.component_ingredient",
   "pk": 3066,
   "fields": {
      "component": 1621,
      "ingredient": 3266,
      "date": null
   }
},
{
   "model": "meal.component_ingredient",
   "pk": 3067,
   "fields": {
      "component": 1621,
      "ingredient": 3306,
      "date": null
   }
},
{
   "model": "meal.component_ingredient",
   "pk": 3068,
   "fields": {
      "component": 1621,
      "ingredient": 3307,
      "date": null
   }
},
{
   "model": "meal.component_ingredient",
   "pk": 3069,
   "fields": {
      "component": 1621,
      "ingredient": 3308,
      "date": null
   }
},
{
   "model": "meal.component_ingredient",
   "pk": 3070,
   "fields": {
      "component": 1621,
      "ingredient": 3273,
      "date": null
   }
},
{
   "model": "meal.component_ingredient",
   "pk": 3071,
   "fields": {
      "component": 1621,
      "ingredient": 3399,
      "date": null
   }
},
{
   "model": "meal.component_ingredient",
   "pk": 3072,
   "fields": {
      "component": 1621,
      "ingredient": 3309,
      "date": null
   }
},
{
   "model": "meal.component_ingredient",
   "pk": 3073,
   "fields": {
      "component": 1621,
      "ingredient": 3275,
      "date": null
   }
},
{
   "model": "meal.component_ingredient",
   "pk": 3074,
   "fields": {
      "component": 1621,
      "ingredient": 3413,
      "date": null
   }
},
{
   "model": "meal.component_ingredient",
   "pk": 3075,
   "fields": {
      "component": 1621,
      "ingredient": 3310,
      "date": null
   }
},
{
   "model": "meal.component_ingredient",
   "pk": 3076,
   "fields": {
      "component": 1621,
      "ingredient": 3311,
      "date": null
   }
},
{
   "model": "meal.component_ingredient",
   "pk": 3077,
   "fields": {
      "component": 1621,
      "ingredient": 3312,
      "date": null
   }
},
{
   "model": "meal.component_ingredient",
   "pk": 3078,
   "fields": {
      "component": 1621,
      "ingredient": 3423,
      "date": null
   }
},
{
   "model": "meal.component_ingredient",
   "pk": 3079,
   "fields": {
      "component": 1621,
      "ingredient": 3424,
      "date": null
   }
},
{
   "model": "meal.component_ingredient",
   "pk": 3080,
   "fields": {
      "component": 1621,
      "ingredient": 3313,
      "date": null
   }
},
{
   "model": "meal.component_ingredient",
   "pk": 3081,
   "fields": {
      "component": 1621,
      "ingredient": 3323,
      "date": null
   }
},
{
   "model": "meal.component_ingredient",
   "pk": 3082,
   "fields": {
      "component": 1622,
      "ingredient": 3344,
      "date": null
   }
},
{
   "model": "meal.component_ingredient",
   "pk": 3083,
   "fields": {
      "component": 1622,
      "ingredient": 3305,
      "date": null
   }
},
{
   "model": "meal.component_ingredient",
   "pk": 3084,
   "fields": {
      "component": 1622,
      "ingredient": 3317,
      "date": null
   }
},
{
   "model": "meal.component_ingredient",
   "pk": 3085,
   "fields": {
      "component": 1622,
      "ingredient": 3269,
      "date": null
   }
},
{
   "model": "meal.component_ingredient",
   "pk": 3086,
   "fields": {
      "component": 1622,
      "ingredient": 3396,
      "date": null
   }
},
{
   "model": "meal.component_ingredient",
   "pk": 3087,
   "fields": {
      "component": 1622,
      "ingredient": 3399,
      "date": null
   }
},
{
   "model": "meal.component_ingredient",
   "pk": 3088,
   "fields": {
      "component": 1622,
      "ingredient": 3408,
      "date": null
   }
},
{
   "model": "meal.component_ingredient",
   "pk": 3089,
   "fields": {
      "component": 1622,
      "ingredient": 3350,
      "date": null
   }
},
{
   "model": "meal.component_ingredient",
   "pk": 3090,
   "fields": {
      "component": 1622,
      "ingredient": 3413,
      "date": null
   }
},
{
   "model": "meal.component_ingredient",
   "pk": 3091,
   "fields": {
      "component": 1622,
      "ingredient": 3311,
      "date": null
   }
},
{
   "model": "meal.component_ingredient",
   "pk": 3092,
   "fields": {
      "component": 1622,
      "ingredient": 3294,
      "date": null
   }
},
{
   "model": "meal.component_ingredient",
   "pk": 3093,
   "fields": {
      "component": 1622,
      "ingredient": 3325,
      "date": null
   }
},
{
   "model": "meal.component_ingredient",
   "pk": 3105,
   "fields": {
      "component": 1584,
      "ingredient": 3363,
      "date": "2016-09-11"
   }
},
{
   "model": "meal.component_ingredient",
   "pk": 3106,
   "fields": {
      "component": 1584,
      "ingredient": 3331,
      "date": "2016-09-11"
   }
},
{
   "model": "meal.component_ingredient",
   "pk": 3107,
   "fields": {
      "component": 1584,
      "ingredient": 3390,
      "date": "2016-09-11"
   }
},
{
   "model": "meal.component_ingredient",
   "pk": 3108,
   "fields": {
      "component": 1584,
      "ingredient": 3399,
      "date": "2016-09-11"
   }
},
{
   "model": "meal.component_ingredient",
   "pk": 3109,
   "fields": {
      "component": 1584,
      "ingredient": 3411,
      "date": "2016-09-11"
   }
},
{
   "model": "meal.component_ingredient",
   "pk": 3110,
   "fields": {
      "component": 1584,
      "ingredient": 3413,
      "date": "2016-09-11"
   }
},
{
   "model": "meal.component_ingredient",
   "pk": 3111,
   "fields": {
      "component": 1584,
      "ingredient": 3311,
      "date": "2016-09-11"
   }
},
{
   "model": "meal.component_ingredient",
   "pk": 3112,
   "fields": {
      "component": 1584,
      "ingredient": 3352,
      "date": "2016-09-11"
   }
},
{
   "model": "meal.component_ingredient",
   "pk": 3113,
   "fields": {
      "component": 1584,
      "ingredient": 3313,
      "date": "2016-09-11"
   }
},
{
   "model": "meal.component_ingredient",
   "pk": 3114,
   "fields": {
      "component": 1584,
      "ingredient": 3427,
      "date": "2016-09-11"
   }
},
{
   "model": "meal.component_ingredient",
   "pk": 3115,
   "fields": {
      "component": 1584,
      "ingredient": 3323,
      "date": "2016-09-11"
   }
},
{
   "model": "meal.component_ingredient",
   "pk": 3116,
   "fields": {
      "component": 1588,
      "ingredient": 3390,
      "date": "2016-09-11"
   }
},
{
   "model": "meal.component_ingredient",
   "pk": 3117,
   "fields": {
      "component": 1588,
      "ingredient": 3332,
      "date": "2016-09-11"
   }
},
{
   "model": "meal.component_ingredient",
   "pk": 3118,
   "fields": {
      "component": 1588,
      "ingredient": 3369,
      "date": "2016-09-11"
   }
},
{
   "model": "meal.component_ingredient",
   "pk": 3119,
   "fields": {
      "component": 1588,
      "ingredient": 3370,
      "date": "2016-09-11"
   }
},
{
   "model": "meal.component_ingredient",
   "pk": 3120,
   "fields": {
      "component": 1588,
      "ingredient": 3399,
      "date": "2016-09-11"
   }
},
{
   "model": "meal.component_ingredient",
   "pk": 3121,
   "fields": {
      "component": 1588,
      "ingredient": 3400,
      "date": "2016-09-11"
   }
},
{
   "model": "meal.component_ingredient",
   "pk": 3122,
   "fields": {
      "component": 1588,
      "ingredient": 3372,
      "date": "2016-09-11"
   }
},
{
   "model": "meal.component_ingredient",
   "pk": 3123,
   "fields": {
      "component": 1588,
      "ingredient": 3374,
      "date": "2016-09-11"
   }
},
{
   "model": "meal.component_ingredient",
   "pk": 3124,
   "fields": {
      "component": 1588,
      "ingredient": 3413,
      "date": "2016-09-11"
   }
},
{
   "model": "meal.component_ingredient",
   "pk": 3125,
   "fields": {
      "component": 1588,
      "ingredient": 3424,
      "date": "2016-09-11"
   }
},
{
   "model": "meal.component_ingredient",
   "pk": 3126,
   "fields": {
      "component": 1588,
      "ingredient": 3427,
      "date": "2016-09-11"
   }
},
{
   "model": "meal.component_ingredient",
   "pk": 3127,
   "fields": {
      "component": 1588,
      "ingredient": 3379,
      "date": "2016-09-11"
   }
},
{
   "model": "meal.component_ingredient",
   "pk": 3128,
   "fields": {
      "component": 1588,
      "ingredient": 3277,
      "date": "2016-09-11"
   }
},
{
   "model": "meal.component_ingredient",
   "pk": 3129,
   "fields": {
      "component": 1588,
      "ingredient": 3430,
      "date": "2016-09-11"
   }
},
{
   "model": "meal.restricted_item",
   "pk": 1017,
   "fields": {
      "name": "fish",
      "description": "",
      "restricted_item_group": "fish&seafood"
   }
},
{
   "model": "meal.restricted_item",
   "pk": 1018,
   "fields": {
      "name": "seafood",
      "description": "",
      "restricted_item_group": "fish&seafood"
   }
},
{
   "model": "meal.restricted_item",
   "pk": 1019,
   "fields": {
      "name": "beef",
      "description": "",
      "restricted_item_group": "meat"
   }
},
{
   "model": "meal.restricted_item",
   "pk": 1020,
   "fields": {
      "name": "lamb",
      "description": "gluten, salt",
      "restricted_item_group": "meat"
   }
},
{
   "model": "meal.restricted_item",
   "pk": 1021,
   "fields": {
      "name": "pork",
      "description": "text",
      "restricted_item_group": "meat"
   }
},
{
   "model": "meal.restricted_item",
   "pk": 1022,
   "fields": {
      "name": "poultry",
      "description": "text",
      "restricted_item_group": "meat"
   }
},
{
   "model": "meal.restricted_item",
   "pk": 1023,
   "fields": {
      "name": "sausage",
      "description": "text",
      "restricted_item_group": "meat"
   }
},
{
   "model": "meal.restricted_item",
   "pk": 1024,
   "fields": {
      "name": "turkey ",
      "description": "text",
      "restricted_item_group": "meat"
   }
},
{
   "model": "meal.restricted_item",
   "pk": 1025,
   "fields": {
      "name": "nuts ",
      "description": "",
      "restricted_item_group": "nuts&seeds"
   }
},
{
   "model": "meal.restricted_item",
   "pk": 1026,
   "fields": {
      "name": "peanut butter",
      "description": "",
      "restricted_item_group": "nuts&seeds"
   }
},
{
   "model": "meal.restricted_item",
   "pk": 1027,
   "fields": {
      "name": "peanuts",
      "description": "gluten, salt",
      "restricted_item_group": "nuts&seeds"
   }
},
{
   "model": "meal.restricted_item",
   "pk": 1028,
   "fields": {
      "name": "seeds",
      "description": "text",
      "restricted_item_group": "nuts&seeds"
   }
},
{
   "model": "meal.restricted_item",
   "pk": 1029,
   "fields": {
      "name": "dairy",
      "description": "text",
      "restricted_item_group": "other"
   }
},
{
   "model": "meal.restricted_item",
   "pk": 1030,
   "fields": {
      "name": "gluten",
      "description": "text",
      "restricted_item_group": "other"
   }
},
{
   "model": "meal.restricted_item",
   "pk": 1031,
   "fields": {
      "name": "spicy",
      "description": "text",
      "restricted_item_group": "other"
   }
},
{
   "model": "meal.restricted_item",
   "pk": 1032,
   "fields": {
      "name": "green veggies",
      "description": "",
      "restricted_item_group": "vegetables"
   }
},
{
   "model": "meal.restricted_item",
   "pk": 1033,
   "fields": {
      "name": "leafy greens",
      "description": "",
      "restricted_item_group": "vegetables"
   }
},
{
   "model": "meal.restricted_item",
   "pk": 1034,
   "fields": {
      "name": "legumes",
      "description": "gluten, salt",
      "restricted_item_group": "vegetables"
   }
},
{
   "model": "meal.incompatibility",
   "pk": 763,
   "fields": {
      "restricted_item": 1019,
      "ingredient": 3331
   }
},
{
   "model": "meal.incompatibility",
   "pk": 764,
   "fields": {
      "restricted_item": 1019,
      "ingredient": 3334
   }
},
{
   "model": "meal.incompatibility",
   "pk": 765,
   "fields": {
      "restricted_item": 1019,
      "ingredient": 3340
   }
},
{
   "model": "meal.incompatibility",
   "pk": 766,
   "fields": {
      "restricted_item": 1029,
      "ingredient": 3263
   }
},
{
   "model": "meal.incompatibility",
   "pk": 767,
   "fields": {
      "restricted_item": 1029,
      "ingredient": 3264
   }
},
{
   "model": "meal.incompatibility",
   "pk": 768,
   "fields": {
      "restricted_item": 1029,
      "ingredient": 3265
   }
},
{
   "model": "meal.incompatibility",
   "pk": 769,
   "fields": {
      "restricted_item": 1029,
      "ingredient": 3266
   }
},
{
   "model": "meal.incompatibility",
   "pk": 770,
   "fields": {
      "restricted_item": 1029,
      "ingredient": 3267
   }
},
{
   "model": "meal.incompatibility",
   "pk": 771,
   "fields": {
      "restricted_item": 1029,
      "ingredient": 3268
   }
},
{
   "model": "meal.incompatibility",
   "pk": 772,
   "fields": {
      "restricted_item": 1029,
      "ingredient": 3269
   }
},
{
   "model": "meal.incompatibility",
   "pk": 773,
   "fields": {
      "restricted_item": 1029,
      "ingredient": 3270
   }
},
{
   "model": "meal.incompatibility",
   "pk": 774,
   "fields": {
      "restricted_item": 1029,
      "ingredient": 3271
   }
},
{
   "model": "meal.incompatibility",
   "pk": 775,
   "fields": {
      "restricted_item": 1029,
      "ingredient": 3272
   }
},
{
   "model": "meal.incompatibility",
   "pk": 776,
   "fields": {
      "restricted_item": 1029,
      "ingredient": 3275
   }
},
{
   "model": "meal.incompatibility",
   "pk": 777,
   "fields": {
      "restricted_item": 1029,
      "ingredient": 3277
   }
},
{
   "model": "meal.incompatibility",
   "pk": 778,
   "fields": {
      "restricted_item": 1017,
      "ingredient": 3300
   }
},
{
   "model": "meal.incompatibility",
   "pk": 779,
   "fields": {
      "restricted_item": 1017,
      "ingredient": 3301
   }
},
{
   "model": "meal.incompatibility",
   "pk": 780,
   "fields": {
      "restricted_item": 1017,
      "ingredient": 3302
   }
},
{
   "model": "meal.incompatibility",
   "pk": 781,
   "fields": {
      "restricted_item": 1017,
      "ingredient": 3303
   }
},
{
   "model": "meal.incompatibility",
   "pk": 782,
   "fields": {
      "restricted_item": 1017,
      "ingredient": 3304
   }
},
{
   "model": "meal.incompatibility",
   "pk": 783,
   "fields": {
      "restricted_item": 1030,
      "ingredient": 3314
   }
},
{
   "model": "meal.incompatibility",
   "pk": 784,
   "fields": {
      "restricted_item": 1030,
      "ingredient": 3316
   }
},
{
   "model": "meal.incompatibility",
   "pk": 785,
   "fields": {
      "restricted_item": 1030,
      "ingredient": 3319
   }
},
{
   "model": "meal.incompatibility",
   "pk": 786,
   "fields": {
      "restricted_item": 1030,
      "ingredient": 3357
   }
},
{
   "model": "meal.incompatibility",
   "pk": 787,
   "fields": {
      "restricted_item": 1030,
      "ingredient": 3323
   }
},
{
   "model": "meal.incompatibility",
   "pk": 788,
   "fields": {
      "restricted_item": 1030,
      "ingredient": 3324
   }
},
{
   "model": "meal.incompatibility",
   "pk": 789,
   "fields": {
      "restricted_item": 1030,
      "ingredient": 3295
   }
},
{
   "model": "meal.incompatibility",
   "pk": 790,
   "fields": {
      "restricted_item": 1030,
      "ingredient": 3296
   }
},
{
   "model": "meal.incompatibility",
   "pk": 791,
   "fields": {
      "restricted_item": 1030,
      "ingredient": 3297
   }
},
{
   "model": "meal.incompatibility",
   "pk": 792,
   "fields": {
      "restricted_item": 1030,
      "ingredient": 3298
   }
},
{
   "model": "meal.incompatibility",
   "pk": 793,
   "fields": {
      "restricted_item": 1030,
      "ingredient": 3299
   }
},
{
   "model": "meal.incompatibility",
   "pk": 794,
   "fields": {
      "restricted_item": 1032,
      "ingredient": 3382
   }
},
{
   "model": "meal.incompatibility",
   "pk": 795,
   "fields": {
      "restricted_item": 1032,
      "ingredient": 3386
   }
},
{
   "model": "meal.incompatibility",
   "pk": 796,
   "fields": {
      "restricted_item": 1032,
      "ingredient": 3387
   }
},
{
   "model": "meal.incompatibility",
   "pk": 797,
   "fields": {
      "restricted_item": 1032,
      "ingredient": 3388
   }
},
{
   "model": "meal.incompatibility",
   "pk": 798,
   "fields": {
      "restricted_item": 1032,
      "ingredient": 3394
   }
},
{
   "model": "meal.incompatibility",
   "pk": 799,
   "fields": {
      "restricted_item": 1032,
      "ingredient": 3397
   }
},
{
   "model": "meal.incompatibility",
   "pk": 800,
   "fields": {
      "restricted_item": 1032,
      "ingredient": 3401
   }
},
{
   "model": "meal.incompatibility",
   "pk": 801,
   "fields": {
      "restricted_item": 1032,
      "ingredient": 3402
   }
},
{
   "model": "meal.incompatibility",
   "pk": 802,
   "fields": {
      "restricted_item": 1032,
      "ingredient": 3403
   }
},
{
   "model": "meal.incompatibility",
   "pk": 803,
   "fields": {
      "restricted_item": 1032,
      "ingredient": 3404
   }
},
{
   "model": "meal.incompatibility",
   "pk": 804,
   "fields": {
      "restricted_item": 1032,
      "ingredient": 3408
   }
},
{
   "model": "meal.incompatibility",
   "pk": 805,
   "fields": {
      "restricted_item": 1032,
      "ingredient": 3421
   }
},
{
   "model": "meal.incompatibility",
   "pk": 806,
   "fields": {
      "restricted_item": 1032,
      "ingredient": 3422
   }
},
{
   "model": "meal.incompatibility",
   "pk": 807,
   "fields": {
      "restricted_item": 1032,
      "ingredient": 3423
   }
},
{
   "model": "meal.incompatibility",
   "pk": 808,
   "fields": {
      "restricted_item": 1032,
      "ingredient": 3426
   }
},
{
   "model": "meal.incompatibility",
   "pk": 809,
   "fields": {
      "restricted_item": 1032,
      "ingredient": 3430
   }
},
{
   "model": "meal.incompatibility",
   "pk": 810,
   "fields": {
      "restricted_item": 1020,
      "ingredient": 3337
   }
},
{
   "model": "meal.incompatibility",
   "pk": 811,
   "fields": {
      "restricted_item": 1033,
      "ingredient": 3382
   }
},
{
   "model": "meal.incompatibility",
   "pk": 812,
   "fields": {
      "restricted_item": 1033,
      "ingredient": 3394
   }
},
{
   "model": "meal.incompatibility",
   "pk": 813,
   "fields": {
      "restricted_item": 1033,
      "ingredient": 3404
   }
},
{
   "model": "meal.incompatibility",
   "pk": 814,
   "fields": {
      "restricted_item": 1033,
      "ingredient": 3408
   }
},
{
   "model": "meal.incompatibility",
   "pk": 815,
   "fields": {
      "restricted_item": 1033,
      "ingredient": 3423
   }
},
{
   "model": "meal.incompatibility",
   "pk": 816,
   "fields": {
      "restricted_item": 1033,
      "ingredient": 3426
   }
},
{
   "model": "meal.incompatibility",
   "pk": 817,
   "fields": {
      "restricted_item": 1034,
      "ingredient": 3326
   }
},
{
   "model": "meal.incompatibility",
   "pk": 818,
   "fields": {
      "restricted_item": 1034,
      "ingredient": 3327
   }
},
{
   "model": "meal.incompatibility",
   "pk": 819,
   "fields": {
      "restricted_item": 1034,
      "ingredient": 3328
   }
},
{
   "model": "meal.incompatibility",
   "pk": 820,
   "fields": {
      "restricted_item": 1034,
      "ingredient": 3329
   }
},
{
   "model": "meal.incompatibility",
   "pk": 821,
   "fields": {
      "restricted_item": 1034,
      "ingredient": 3276
   }
},
{
   "model": "meal.incompatibility",
   "pk": 822,
   "fields": {
      "restricted_item": 1034,
      "ingredient": 3330
   }
},
{
   "model": "meal.incompatibility",
   "pk": 823,
   "fields": {
      "restricted_item": 1025,
      "ingredient": 3278
   }
},
{
   "model": "meal.incompatibility",
   "pk": 824,
   "fields": {
      "restricted_item": 1025,
      "ingredient": 3279
   }
},
{
   "model": "meal.incompatibility",
   "pk": 825,
   "fields": {
      "restricted_item": 1025,
      "ingredient": 3286
   }
},
{
   "model": "meal.incompatibility",
   "pk": 826,
   "fields": {
      "restricted_item": 1025,
      "ingredient": 3287
   }
},
{
   "model": "meal.incompatibility",
   "pk": 827,
   "fields": {
      "restricted_item": 1025,
      "ingredient": 3294
   }
},
{
   "model": "meal.incompatibility",
   "pk": 828,
   "fields": {
      "restricted_item": 1026,
      "ingredient": 3286
   }
},
{
   "model": "meal.incompatibility",
   "pk": 829,
   "fields": {
      "restricted_item": 1027,
      "ingredient": 3286
   }
},
{
   "model": "meal.incompatibility",
   "pk": 830,
   "fields": {
      "restricted_item": 1027,
      "ingredient": 3287
   }
},
{
   "model": "meal.incompatibility",
   "pk": 831,
   "fields": {
      "restricted_item": 1021,
      "ingredient": 3335
   }
},
{
   "model": "meal.incompatibility",
   "pk": 832,
   "fields": {
      "restricted_item": 1021,
      "ingredient": 3336
   }
},
{
   "model": "meal.incompatibility",
   "pk": 833,
   "fields": {
      "restricted_item": 1021,
      "ingredient": 3339
   }
},
{
   "model": "meal.incompatibility",
   "pk": 834,
   "fields": {
      "restricted_item": 1022,
      "ingredient": 3333
   }
},
{
   "model": "meal.incompatibility",
   "pk": 835,
   "fields": {
      "restricted_item": 1022,
      "ingredient": 3343
   }
},
{
   "model": "meal.incompatibility",
   "pk": 836,
   "fields": {
      "restricted_item": 1023,
      "ingredient": 3339
   }
},
{
   "model": "meal.incompatibility",
   "pk": 837,
   "fields": {
      "restricted_item": 1018,
      "ingredient": 3360
   }
},
{
   "model": "meal.incompatibility",
   "pk": 838,
   "fields": {
      "restricted_item": 1018,
      "ingredient": 3361
   }
},
{
   "model": "meal.incompatibility",
   "pk": 839,
   "fields": {
      "restricted_item": 1028,
      "ingredient": 3292
   }
},
{
   "model": "meal.incompatibility",
   "pk": 840,
   "fields": {
      "restricted_item": 1031,
      "ingredient": 3366
   }
},
{
   "model": "meal.incompatibility",
   "pk": 841,
   "fields": {
      "restricted_item": 1031,
      "ingredient": 3371
   }
},
{
   "model": "meal.incompatibility",
   "pk": 842,
   "fields": {
      "restricted_item": 1024,
      "ingredient": 3343
   }
},
{
   "model": "meal.menu",
   "pk": 451,
   "fields": {
      "date": "2016-08-12"
   }
},
{
   "model": "meal.menu",
   "pk": 452,
   "fields": {
      "date": "2016-08-13"
   }
},
{
   "model": "meal.menu",
   "pk": 453,
   "fields": {
      "date": "2016-08-13"
   }
},
{
   "model": "meal.menu",
   "pk": 454,
   "fields": {
      "date": "2016-08-14"
   }
},
{
   "model": "meal.menu",
   "pk": 455,
   "fields": {
      "date": "2016-08-16"
   }
},
{
   "model": "meal.menu",
   "pk": 456,
   "fields": {
      "date": "2016-08-17"
   }
},
{
   "model": "meal.menu",
   "pk": 457,
   "fields": {
      "date": "2016-08-18"
   }
},
{
   "model": "meal.menu",
   "pk": 458,
   "fields": {
      "date": "2016-08-19"
   }
},
{
   "model": "meal.menu",
   "pk": 459,
   "fields": {
      "date": "2016-08-22"
   }
},
{
   "model": "meal.menu",
   "pk": 460,
   "fields": {
      "date": "2016-08-24"
   }
},
{
   "model": "meal.menu",
   "pk": 461,
   "fields": {
      "date": "2016-08-25"
   }
},
{
   "model": "meal.menu",
   "pk": 462,
   "fields": {
      "date": "2016-08-27"
   }
},
{
   "model": "meal.menu",
   "pk": 463,
   "fields": {
      "date": "2016-08-28"
   }
},
{
   "model": "meal.menu",
   "pk": 464,
   "fields": {
      "date": "2016-08-29"
   }
},
{
   "model": "meal.menu",
   "pk": 465,
   "fields": {
      "date": "2016-08-30"
   }
},
{
   "model": "meal.menu",
   "pk": 466,
   "fields": {
      "date": "2016-08-31"
   }
},
{
   "model": "meal.menu",
   "pk": 467,
   "fields": {
      "date": "2016-09-01"
   }
},
{
   "model": "meal.menu",
   "pk": 468,
   "fields": {
      "date": "2016-09-02"
   }
},
{
   "model": "meal.menu",
   "pk": 469,
   "fields": {
      "date": "2016-09-11"
   }
},
{
   "model": "meal.menu_component",
   "pk": 3652,
   "fields": {
      "menu": 469,
      "component": 1588
   }
},
{
   "model": "member.member",
   "pk": 861,
   "fields": {
      "firstname": "John",
      "lastname": "Doe",
      "address": 508,
      "created_at": "2016-08-12T12:04:20.783Z",
      "updated_at": "2016-09-11T20:35:27.367Z"
   }
},
{
   "model": "member.member",
   "pk": 862,
   "fields": {
      "firstname": "Louise",
      "lastname": "Dallaire",
      "address": 509,
      "created_at": "2016-08-12T12:04:20.799Z",
      "updated_at": "2016-08-12T12:04:20.799Z"
   }
},
{
   "model": "member.member",
   "pk": 863,
   "fields": {
      "firstname": "Paul",
      "lastname": "Taylor",
      "address": 511,
      "created_at": "2016-08-12T12:04:20.799Z",
      "updated_at": "2016-08-12T12:04:20.799Z"
   }
},
{
   "model": "member.member",
   "pk": 864,
   "fields": {
      "firstname": "Peter",
      "lastname": "Murray",
      "address": 510,
      "created_at": "2016-08-12T12:04:20.815Z",
      "updated_at": "2016-08-12T12:04:20.815Z"
   }
},
{
   "model": "member.member",
   "pk": 865,
   "fields": {
      "firstname": "Dr. Lucie",
      "lastname": "Tremblay",
      "address": null,
      "created_at": "2016-08-12T12:04:20.815Z",
      "updated_at": "2016-08-12T12:04:20.815Z"
   }
},
{
   "model": "member.member",
   "pk": 866,
   "fields": {
      "firstname": "Dr. Mary",
      "lastname": "Johnson",
      "address": null,
      "created_at": "2016-08-12T12:04:20.830Z",
      "updated_at": "2016-08-12T12:04:20.830Z"
   }
},
{
   "model": "member.member",
   "pk": 867,
   "fields": {
      "firstname": "Bob",
      "lastname": "Brown",
      "address": 510,
      "created_at": "2016-08-12T12:04:20.830Z",
      "updated_at": "2016-08-12T12:04:20.830Z"
   }
},
{
   "model": "member.member",
   "pk": 868,
   "fields": {
      "firstname": "Kevin",
      "lastname": "Tracy",
      "address": 511,
      "created_at": "2016-08-12T12:04:20.846Z",
      "updated_at": "2016-08-12T12:04:20.846Z"
   }
},
{
   "model": "member.member",
   "pk": 869,
   "fields": {
      "firstname": "Roger",
      "lastname": "Blondin",
      "address": 509,
      "created_at": "2016-08-12T12:04:20.846Z",
      "updated_at": "2016-08-12T12:04:20.846Z"
   }
},
{
   "model": "member.member",
   "pk": 870,
   "fields": {
      "firstname": "Mario",
      "lastname": "Rossi",
      "address": 512,
      "created_at": "2016-08-31T12:06:06.250Z",
      "updated_at": "2016-08-31T12:06:06.277Z"
   }
},
{
   "model": "member.address",
   "pk": 508,
   "fields": {
      "number": 2444,
      "street": "Des Perdrix",
      "apartment": "407",
      "floor": 10,
      "city": "Montreal",
      "postal_code": "H1A2B3",
      "longitude": null,
      "latitude": null,
      "distance": null
   }
},
{
   "model": "member.address",
   "pk": 509,
   "fields": {
      "number": 1244,
      "street": "Des Hirondelles",
      "apartment": "4",
      "floor": null,
      "city": "Montreal",
      "postal_code": "H3D4G6",
      "longitude": null,
      "latitude": null,
      "distance": null
   }
},
{
   "model": "member.address",
   "pk": 510,
   "fields": {
      "number": 543,
      "street": "Des \u00c9perviers",
      "apartment": "",
      "floor": null,
      "city": "Montreal",
      "postal_code": "H4E3WS",
      "longitude": null,
      "latitude": null,
      "distance": null
   }
},
{
   "model": "member.address",
   "pk": 511,
   "fields": {
      "number": 4218,
      "street": "4218 Avenue Madison",
      "apartment": "1",
      "floor": null,
      "city": "Montreal",
      "postal_code": "H4B2T9",
      "longitude": "-73.634610",
      "latitude": "45.469894",
      "distance": "6.957810"
   }
},
{
   "model": "member.address",
   "pk": 512,
   "fields": {
      "number": 4194,
      "street": "4194 Avenue Kensington",
      "apartment": "",
      "floor": null,
      "city": "Montreal",
      "postal_code": "H4B 2W",
      "longitude": "-73.628281",
      "latitude": "45.468036",
      "distance": "6.802049"
   }
},
{
   "model": "member.contact",
   "pk": 383,
   "fields": {
      "type": "Home phone",
      "value": "514-345-6789",
      "member": 861
   }
},
{
   "model": "member.contact",
   "pk": 384,
   "fields": {
      "type": "Cell phone",
      "value": "438-234-4567",
      "member": 862
   }
},
{
   "model": "member.contact",
   "pk": 385,
   "fields": {
      "type": "Home phone",
      "value": "514-654-1289",
      "member": 864
   }
},
{
   "model": "member.contact",
   "pk": 386,
   "fields": {
      "type": "Home phone",
      "value": "514-653-1225",
      "member": 870
   }
},
{
   "model": "member.contact",
   "pk": 387,
   "fields": {
      "type": "Home phone",
      "value": "514-987-5443",
      "member": 861
   }
},
{
   "model": "member.route",
   "pk": 4,
   "fields": {
      "name": "ndg",
      "description": "",
      "client_id_sequence": "{\n  \"2\": [\n    870,\n    612,\n    611,\n    610,\n    609,\n    608,\n    607,\n    606\n  ],\n  \"3\": [\n    609,\n    608,\n    606,\n    612,\n    611,\n    610,\n    607\n  ],\n  \"4\": [\n    606,\n    607,\n    608,\n    609,\n    610,\n    611,\n    612\n  ]\n}"
   }
},
{
   "model": "member.route",
   "pk": 5,
   "fields": {
      "name": "mile_end",
      "description": "",
      "client_id_sequence": "{\n  \"2\": []\n}"
   }
},
{
   "model": "member.client",
   "pk": 606,
   "fields": {
      "billing_member": 862,
      "billing_payment_type": "check",
      "rate_type": "default",
      "member": 861,
      "emergency_contact": 863,
      "emergency_contact_relationship": "Nephew",
      "status": "A",
      "language": "en",
      "alert": "",
      "delivery_type": "O",
      "gender": "M",
      "birthdate": "1940-02-23",
      "route": 4,
      "meal_default_week": "{\n  \"compote_friday_quantity\": 0,\n  \"compote_monday_quantity\": 0,\n  \"compote_saturday_quantity\": 0,\n  \"compote_sunday_quantity\": 0,\n  \"compote_thursday_quantity\": 0,\n  \"compote_tuesday_quantity\": 0,\n  \"compote_wednesday_quantity\": 0,\n  \"dessert_friday_quantity\": 1,\n  \"dessert_monday_quantity\": 1,\n  \"dessert_saturday_quantity\": 1,\n  \"dessert_sunday_quantity\": 1,\n  \"dessert_thursday_quantity\": 1,\n  \"dessert_tuesday_quantity\": 1,\n  \"dessert_wednesday_quantity\": 1,\n  \"diabetic_dessert_friday_quantity\": 0,\n  \"diabetic_dessert_monday_quantity\": 0,\n  \"diabetic_dessert_saturday_quantity\": 0,\n  \"diabetic_dessert_sunday_quantity\": 0,\n  \"diabetic_dessert_thursday_quantity\": 0,\n  \"diabetic_dessert_tuesday_quantity\": 0,\n  \"diabetic_dessert_wednesday_quantity\": 0,\n  \"fruit_salad_friday_quantity\": 0,\n  \"fruit_salad_monday_quantity\": 0,\n  \"fruit_salad_saturday_quantity\": 0,\n  \"fruit_salad_sunday_quantity\": 0,\n  \"fruit_salad_thursday_quantity\": 0,\n  \"fruit_salad_tuesday_quantity\": 0,\n  \"fruit_salad_wednesday_quantity\": 0,\n  \"green_salad_friday_quantity\": 1,\n  \"green_salad_monday_quantity\": 1,\n  \"green_salad_saturday_quantity\": 1,\n  \"green_salad_sunday_quantity\": 1,\n  \"green_salad_thursday_quantity\": 1,\n  \"green_salad_tuesday_quantity\": 1,\n  \"green_salad_wednesday_quantity\": 1,\n  \"main_dish_friday_quantity\": 2,\n  \"main_dish_monday_quantity\": 2,\n  \"main_dish_saturday_quantity\": 2,\n  \"main_dish_sunday_quantity\": 2,\n  \"main_dish_thursday_quantity\": 2,\n  \"main_dish_tuesday_quantity\": 2,\n  \"main_dish_wednesday_quantity\": 2,\n  \"pudding_friday_quantity\": 1,\n  \"pudding_monday_quantity\": 1,\n  \"pudding_saturday_quantity\": 1,\n  \"pudding_sunday_quantity\": 1,\n  \"pudding_thursday_quantity\": 1,\n  \"pudding_tuesday_quantity\": 1,\n  \"pudding_wednesday_quantity\": 1,\n  \"size_friday\": \"L\",\n  \"size_monday\": \"L\",\n  \"size_saturday\": \"L\",\n  \"size_sunday\": \"L\",\n  \"size_thursday\": \"L\",\n  \"size_tuesday\": \"L\",\n  \"size_wednesday\": \"L\"\n}",
      "delivery_note": ""
   }
},
{
   "model": "member.client",
   "pk": 607,
   "fields": {
      "billing_member": 864,
      "billing_payment_type": "check",
      "rate_type": "default",
      "member": 864,
      "emergency_contact": 861,
      "emergency_contact_relationship": "Friend",
      "status": "A",
      "language": "en",
      "alert": "",
      "delivery_type": "O",
      "gender": "M",
      "birthdate": "1945-12-13",
      "route": 4,
      "meal_default_week": "{\n  \"compote_friday_quantity\": 0,\n  \"compote_monday_quantity\": 0,\n  \"compote_saturday_quantity\": 0,\n  \"compote_sunday_quantity\": 0,\n  \"compote_thursday_quantity\": 0,\n  \"compote_tuesday_quantity\": 0,\n  \"compote_wednesday_quantity\": 0,\n  \"dessert_friday_quantity\": 1,\n  \"dessert_monday_quantity\": 1,\n  \"dessert_saturday_quantity\": 1,\n  \"dessert_sunday_quantity\": 1,\n  \"dessert_thursday_quantity\": 1,\n  \"dessert_tuesday_quantity\": 1,\n  \"dessert_wednesday_quantity\": 1,\n  \"diabetic_dessert_friday_quantity\": 0,\n  \"diabetic_dessert_monday_quantity\": 0,\n  \"diabetic_dessert_saturday_quantity\": 0,\n  \"diabetic_dessert_sunday_quantity\": 0,\n  \"diabetic_dessert_thursday_quantity\": 0,\n  \"diabetic_dessert_tuesday_quantity\": 0,\n  \"diabetic_dessert_wednesday_quantity\": 0,\n  \"fruit_salad_friday_quantity\": 0,\n  \"fruit_salad_monday_quantity\": 0,\n  \"fruit_salad_saturday_quantity\": 0,\n  \"fruit_salad_sunday_quantity\": 0,\n  \"fruit_salad_thursday_quantity\": 0,\n  \"fruit_salad_tuesday_quantity\": 0,\n  \"fruit_salad_wednesday_quantity\": 0,\n  \"green_salad_friday_quantity\": 0,\n  \"green_salad_monday_quantity\": 0,\n  \"green_salad_saturday_quantity\": 0,\n  \"green_salad_sunday_quantity\": 0,\n  \"green_salad_thursday_quantity\": 0,\n  \"green_salad_tuesday_quantity\": 0,\n  \"green_salad_wednesday_quantity\": 0,\n  \"main_dish_friday_quantity\": 1,\n  \"main_dish_monday_quantity\": 1,\n  \"main_dish_saturday_quantity\": 1,\n  \"main_dish_sunday_quantity\": 1,\n  \"main_dish_thursday_quantity\": 1,\n  \"main_dish_tuesday_quantity\": 1,\n  \"main_dish_wednesday_quantity\": 1,\n  \"pudding_friday_quantity\": 0,\n  \"pudding_monday_quantity\": 0,\n  \"pudding_saturday_quantity\": 0,\n  \"pudding_sunday_quantity\": 0,\n  \"pudding_thursday_quantity\": 0,\n  \"pudding_tuesday_quantity\": 0,\n  \"pudding_wednesday_quantity\": 0,\n  \"size_friday\": \"R\",\n  \"size_monday\": \"R\",\n  \"size_saturday\": \"R\",\n  \"size_sunday\": \"R\",\n  \"size_thursday\": \"R\",\n  \"size_tuesday\": \"R\",\n  \"size_wednesday\": \"R\"\n}",
      "delivery_note": ""
   }
},
{
   "model": "member.client",
   "pk": 608,
   "fields": {
      "billing_member": 862,
      "billing_payment_type": "check",
      "rate_type": "default",
      "member": 862,
      "emergency_contact": 864,
      "emergency_contact_relationship": "Friend",
      "status": "A",
      "language": "en",
      "alert": "",
      "delivery_type": "O",
      "gender": "M",
      "birthdate": "1943-12-13",
      "route": 4,
      "meal_default_week": "{\n  \"compote_friday_quantity\": 0,\n  \"compote_monday_quantity\": 0,\n  \"compote_saturday_quantity\": 0,\n  \"compote_sunday_quantity\": 0,\n  \"compote_thursday_quantity\": 0,\n  \"compote_tuesday_quantity\": 0,\n  \"compote_wednesday_quantity\": 0,\n  \"dessert_friday_quantity\": 0,\n  \"dessert_monday_quantity\": 0,\n  \"dessert_saturday_quantity\": 0,\n  \"dessert_sunday_quantity\": 0,\n  \"dessert_thursday_quantity\": 0,\n  \"dessert_tuesday_quantity\": 0,\n  \"dessert_wednesday_quantity\": 0,\n  \"diabetic_dessert_friday_quantity\": 0,\n  \"diabetic_dessert_monday_quantity\": 0,\n  \"diabetic_dessert_saturday_quantity\": 0,\n  \"diabetic_dessert_sunday_quantity\": 0,\n  \"diabetic_dessert_thursday_quantity\": 0,\n  \"diabetic_dessert_tuesday_quantity\": 0,\n  \"diabetic_dessert_wednesday_quantity\": 0,\n  \"fruit_salad_friday_quantity\": 0,\n  \"fruit_salad_monday_quantity\": 0,\n  \"fruit_salad_saturday_quantity\": 0,\n  \"fruit_salad_sunday_quantity\": 0,\n  \"fruit_salad_thursday_quantity\": 0,\n  \"fruit_salad_tuesday_quantity\": 0,\n  \"fruit_salad_wednesday_quantity\": 0,\n  \"green_salad_friday_quantity\": 2,\n  \"green_salad_monday_quantity\": 2,\n  \"green_salad_saturday_quantity\": 2,\n  \"green_salad_sunday_quantity\": 2,\n  \"green_salad_thursday_quantity\": 2,\n  \"green_salad_tuesday_quantity\": 2,\n  \"green_salad_wednesday_quantity\": 2,\n  \"main_dish_friday_quantity\": 2,\n  \"main_dish_monday_quantity\": 2,\n  \"main_dish_saturday_quantity\": 2,\n  \"main_dish_sunday_quantity\": 2,\n  \"main_dish_thursday_quantity\": 2,\n  \"main_dish_tuesday_quantity\": 2,\n  \"main_dish_wednesday_quantity\": 2,\n  \"pudding_friday_quantity\": 0,\n  \"pudding_monday_quantity\": 0,\n  \"pudding_saturday_quantity\": 0,\n  \"pudding_sunday_quantity\": 0,\n  \"pudding_thursday_quantity\": 0,\n  \"pudding_tuesday_quantity\": 0,\n  \"pudding_wednesday_quantity\": 0,\n  \"size_friday\": \"R\",\n  \"size_monday\": \"R\",\n  \"size_saturday\": \"R\",\n  \"size_sunday\": \"R\",\n  \"size_thursday\": \"R\",\n  \"size_tuesday\": \"R\",\n  \"size_wednesday\": \"R\"\n}",
      "delivery_note": ""
   }
},
{
   "model": "member.client",
   "pk": 609,
   "fields": {
      "billing_member": 863,
      "billing_payment_type": "check",
      "rate_type": "default",
      "member": 863,
      "emergency_contact": 862,
      "emergency_contact_relationship": "Friend",
      "status": "A",
      "language": "en",
      "alert": "",
      "delivery_type": "O",
      "gender": "M",
      "birthdate": "1943-12-13",
      "route": 4,
      "meal_default_week": "{\n  \"compote_friday_quantity\": 1,\n  \"compote_monday_quantity\": 1,\n  \"compote_saturday_quantity\": 1,\n  \"compote_sunday_quantity\": 1,\n  \"compote_thursday_quantity\": 1,\n  \"compote_tuesday_quantity\": 1,\n  \"compote_wednesday_quantity\": 1,\n  \"dessert_friday_quantity\": 0,\n  \"dessert_monday_quantity\": 0,\n  \"dessert_saturday_quantity\": 0,\n  \"dessert_sunday_quantity\": 0,\n  \"dessert_thursday_quantity\": 0,\n  \"dessert_tuesday_quantity\": 0,\n  \"dessert_wednesday_quantity\": 0,\n  \"diabetic_dessert_friday_quantity\": 0,\n  \"diabetic_dessert_monday_quantity\": 0,\n  \"diabetic_dessert_saturday_quantity\": 0,\n  \"diabetic_dessert_sunday_quantity\": 0,\n  \"diabetic_dessert_thursday_quantity\": 0,\n  \"diabetic_dessert_tuesday_quantity\": 0,\n  \"diabetic_dessert_wednesday_quantity\": 0,\n  \"fruit_salad_friday_quantity\": 0,\n  \"fruit_salad_monday_quantity\": 0,\n  \"fruit_salad_saturday_quantity\": 0,\n  \"fruit_salad_sunday_quantity\": 0,\n  \"fruit_salad_thursday_quantity\": 0,\n  \"fruit_salad_tuesday_quantity\": 0,\n  \"fruit_salad_wednesday_quantity\": 0,\n  \"green_salad_friday_quantity\": 0,\n  \"green_salad_monday_quantity\": 0,\n  \"green_salad_saturday_quantity\": 0,\n  \"green_salad_sunday_quantity\": 0,\n  \"green_salad_thursday_quantity\": 0,\n  \"green_salad_tuesday_quantity\": 0,\n  \"green_salad_wednesday_quantity\": 0,\n  \"main_dish_friday_quantity\": 1,\n  \"main_dish_monday_quantity\": 1,\n  \"main_dish_saturday_quantity\": 1,\n  \"main_dish_sunday_quantity\": 1,\n  \"main_dish_thursday_quantity\": 1,\n  \"main_dish_tuesday_quantity\": 1,\n  \"main_dish_wednesday_quantity\": 1,\n  \"pudding_friday_quantity\": 0,\n  \"pudding_monday_quantity\": 0,\n  \"pudding_saturday_quantity\": 0,\n  \"pudding_sunday_quantity\": 0,\n  \"pudding_thursday_quantity\": 0,\n  \"pudding_tuesday_quantity\": 0,\n  \"pudding_wednesday_quantity\": 0,\n  \"size_friday\": \"L\",\n  \"size_monday\": \"L\",\n  \"size_saturday\": \"L\",\n  \"size_sunday\": \"L\",\n  \"size_thursday\": \"L\",\n  \"size_tuesday\": \"L\",\n  \"size_wednesday\": \"L\"\n}",
      "delivery_note": "The door key is hidden under the pink geranium planter."
   }
},
{
   "model": "member.client",
   "pk": 610,
   "fields": {
      "billing_member": 867,
      "billing_payment_type": "check",
      "rate_type": "default",
      "member": 867,
      "emergency_contact": 868,
      "emergency_contact_relationship": "Friend",
      "status": "A",
      "language": "en",
      "alert": "",
      "delivery_type": "O",
      "gender": "M",
      "birthdate": "1943-12-13",
      "route": 4,
      "meal_default_week": "{\n  \"compote_friday_quantity\": 1,\n  \"compote_monday_quantity\": 1,\n  \"compote_saturday_quantity\": 1,\n  \"compote_sunday_quantity\": 1,\n  \"compote_thursday_quantity\": 1,\n  \"compote_tuesday_quantity\": 1,\n  \"compote_wednesday_quantity\": 1,\n  \"dessert_friday_quantity\": 0,\n  \"dessert_monday_quantity\": 0,\n  \"dessert_saturday_quantity\": 0,\n  \"dessert_sunday_quantity\": 0,\n  \"dessert_thursday_quantity\": 0,\n  \"dessert_tuesday_quantity\": 0,\n  \"dessert_wednesday_quantity\": 0,\n  \"diabetic_dessert_friday_quantity\": 0,\n  \"diabetic_dessert_monday_quantity\": 0,\n  \"diabetic_dessert_saturday_quantity\": 0,\n  \"diabetic_dessert_sunday_quantity\": 0,\n  \"diabetic_dessert_thursday_quantity\": 0,\n  \"diabetic_dessert_tuesday_quantity\": 0,\n  \"diabetic_dessert_wednesday_quantity\": 0,\n  \"fruit_salad_friday_quantity\": 0,\n  \"fruit_salad_monday_quantity\": 0,\n  \"fruit_salad_saturday_quantity\": 0,\n  \"fruit_salad_sunday_quantity\": 0,\n  \"fruit_salad_thursday_quantity\": 0,\n  \"fruit_salad_tuesday_quantity\": 0,\n  \"fruit_salad_wednesday_quantity\": 0,\n  \"green_salad_friday_quantity\": 0,\n  \"green_salad_monday_quantity\": 0,\n  \"green_salad_saturday_quantity\": 0,\n  \"green_salad_sunday_quantity\": 0,\n  \"green_salad_thursday_quantity\": 0,\n  \"green_salad_tuesday_quantity\": 0,\n  \"green_salad_wednesday_quantity\": 0,\n  \"main_dish_friday_quantity\": 1,\n  \"main_dish_monday_quantity\": 1,\n  \"main_dish_saturday_quantity\": 1,\n  \"main_dish_sunday_quantity\": 1,\n  \"main_dish_thursday_quantity\": 1,\n  \"main_dish_tuesday_quantity\": 1,\n  \"main_dish_wednesday_quantity\": 1,\n  \"pudding_friday_quantity\": 0,\n  \"pudding_monday_quantity\": 0,\n  \"pudding_saturday_quantity\": 0,\n  \"pudding_sunday_quantity\": 0,\n  \"pudding_thursday_quantity\": 0,\n  \"pudding_tuesday_quantity\": 0,\n  \"pudding_wednesday_quantity\": 0,\n  \"size_friday\": \"L\",\n  \"size_monday\": \"L\",\n  \"size_saturday\": \"L\",\n  \"size_sunday\": \"L\",\n  \"size_thursday\": \"L\",\n  \"size_tuesday\": \"L\",\n  \"size_wednesday\": \"L\"\n}",
      "delivery_note": ""
   }
},
{
   "model": "member.client",
   "pk": 611,
   "fields": {
      "billing_member": 868,
      "billing_payment_type": "check",
      "rate_type": "default",
      "member": 868,
      "emergency_contact": 867,
      "emergency_contact_relationship": "Friend",
      "status": "A",
      "language": "en",
      "alert": "",
      "delivery_type": "O",
      "gender": "M",
      "birthdate": "1943-12-13",
      "route": 4,
      "meal_default_week": "{\n  \"compote_friday_quantity\": 1,\n  \"compote_monday_quantity\": 1,\n  \"compote_saturday_quantity\": 1,\n  \"compote_sunday_quantity\": 1,\n  \"compote_thursday_quantity\": 1,\n  \"compote_tuesday_quantity\": 1,\n  \"compote_wednesday_quantity\": 1,\n  \"dessert_friday_quantity\": 0,\n  \"dessert_monday_quantity\": 0,\n  \"dessert_saturday_quantity\": 0,\n  \"dessert_sunday_quantity\": 0,\n  \"dessert_thursday_quantity\": 0,\n  \"dessert_tuesday_quantity\": 0,\n  \"dessert_wednesday_quantity\": 0,\n  \"diabetic_friday_quantity\": 0,\n  \"diabetic_monday_quantity\": 0,\n  \"diabetic_saturday_quantity\": 0,\n  \"diabetic_sunday_quantity\": 0,\n  \"diabetic_thursday_quantity\": 0,\n  \"diabetic_tuesday_quantity\": 0,\n  \"diabetic_wednesday_quantity\": 0,\n  \"fruit_salad_friday_quantity\": 0,\n  \"fruit_salad_monday_quantity\": 0,\n  \"fruit_salad_saturday_quantity\": 0,\n  \"fruit_salad_sunday_quantity\": 0,\n  \"fruit_salad_thursday_quantity\": 0,\n  \"fruit_salad_tuesday_quantity\": 0,\n  \"fruit_salad_wednesday_quantity\": 0,\n  \"green_salad_friday_quantity\": 0,\n  \"green_salad_monday_quantity\": 0,\n  \"green_salad_saturday_quantity\": 0,\n  \"green_salad_sunday_quantity\": 0,\n  \"green_salad_thursday_quantity\": 0,\n  \"green_salad_tuesday_quantity\": 0,\n  \"green_salad_wednesday_quantity\": 0,\n  \"main_dish_friday_quantity\": 1,\n  \"main_dish_monday_quantity\": 1,\n  \"main_dish_saturday_quantity\": 1,\n  \"main_dish_sunday_quantity\": 1,\n  \"main_dish_thursday_quantity\": 1,\n  \"main_dish_tuesday_quantity\": 1,\n  \"main_dish_wednesday_quantity\": 1,\n  \"pudding_friday_quantity\": 0,\n  \"pudding_monday_quantity\": 0,\n  \"pudding_saturday_quantity\": 0,\n  \"pudding_sunday_quantity\": 0,\n  \"pudding_thursday_quantity\": 0,\n  \"pudding_tuesday_quantity\": 0,\n  \"pudding_wednesday_quantity\": 0,\n  \"size_friday\": \"R\",\n  \"size_monday\": \"R\",\n  \"size_saturday\": \"R\",\n  \"size_sunday\": \"R\",\n  \"size_thursday\": \"R\",\n  \"size_tuesday\": \"R\",\n  \"size_wednesday\": \"R\"\n}",
      "delivery_note": ""
   }
},
{
   "model": "member.client",
   "pk": 612,
   "fields": {
      "billing_member": 869,
      "billing_payment_type": "check",
      "rate_type": "default",
      "member": 869,
      "emergency_contact": 868,
      "emergency_contact_relationship": "Friend",
      "status": "A",
      "language": "en",
      "alert": "",
      "delivery_type": "O",
      "gender": "M",
      "birthdate": "1943-12-13",
      "route": 4,
      "meal_default_week": "{\n  \"compote_friday_quantity\": 1,\n  \"compote_monday_quantity\": 1,\n  \"compote_saturday_quantity\": 1,\n  \"compote_sunday_quantity\": 1,\n  \"compote_thursday_quantity\": 1,\n  \"compote_tuesday_quantity\": 1,\n  \"compote_wednesday_quantity\": 1,\n  \"dessert_friday_quantity\": 0,\n  \"dessert_monday_quantity\": 0,\n  \"dessert_saturday_quantity\": 0,\n  \"dessert_sunday_quantity\": 0,\n  \"dessert_thursday_quantity\": 0,\n  \"dessert_tuesday_quantity\": 0,\n  \"dessert_wednesday_quantity\": 0,\n  \"diabetic_friday_quantity\": 0,\n  \"diabetic_monday_quantity\": 0,\n  \"diabetic_saturday_quantity\": 0,\n  \"diabetic_sunday_quantity\": 0,\n  \"diabetic_thursday_quantity\": 0,\n  \"diabetic_tuesday_quantity\": 0,\n  \"diabetic_wednesday_quantity\": 0,\n  \"fruit_salad_friday_quantity\": 0,\n  \"fruit_salad_monday_quantity\": 0,\n  \"fruit_salad_saturday_quantity\": 0,\n  \"fruit_salad_sunday_quantity\": 0,\n  \"fruit_salad_thursday_quantity\": 0,\n  \"fruit_salad_tuesday_quantity\": 0,\n  \"fruit_salad_wednesday_quantity\": 0,\n  \"green_salad_friday_quantity\": 0,\n  \"green_salad_monday_quantity\": 0,\n  \"green_salad_saturday_quantity\": 0,\n  \"green_salad_sunday_quantity\": 0,\n  \"green_salad_thursday_quantity\": 0,\n  \"green_salad_tuesday_quantity\": 0,\n  \"green_salad_wednesday_quantity\": 0,\n  \"main_dish_friday_quantity\": 1,\n  \"main_dish_monday_quantity\": 1,\n  \"main_dish_saturday_quantity\": 1,\n  \"main_dish_sunday_quantity\": 1,\n  \"main_dish_thursday_quantity\": 1,\n  \"main_dish_tuesday_quantity\": 1,\n  \"main_dish_wednesday_quantity\": 1,\n  \"pudding_friday_quantity\": 0,\n  \"pudding_monday_quantity\": 0,\n  \"pudding_saturday_quantity\": 0,\n  \"pudding_sunday_quantity\": 0,\n  \"pudding_thursday_quantity\": 0,\n  \"pudding_tuesday_quantity\": 0,\n  \"pudding_wednesday_quantity\": 0,\n  \"size_friday\": \"R\",\n  \"size_monday\": \"R\",\n  \"size_saturday\": \"R\",\n  \"size_sunday\": \"R\",\n  \"size_thursday\": \"R\",\n  \"size_tuesday\": \"R\",\n  \"size_wednesday\": \"R\"\n}",
      "delivery_note": ""
   }
},
{
   "model": "member.client",
   "pk": 870,
   "fields": {
      "billing_member": 870,
      "billing_payment_type": "check",
      "rate_type": "default",
      "member": 870,
      "emergency_contact": 861,
      "emergency_contact_relationship": null,
      "status": "A",
      "language": "en",
      "alert": "",
      "delivery_type": "O",
      "gender": "M",
      "birthdate": "1940-03-12",
      "route": 4,
      "meal_default_week": "{\n  \"compote_friday_quantity\": 0,\n  \"compote_monday_quantity\": 0,\n  \"compote_saturday_quantity\": 0,\n  \"compote_sunday_quantity\": 0,\n  \"compote_thursday_quantity\": 0,\n  \"compote_tuesday_quantity\": 0,\n  \"compote_wednesday_quantity\": 0,\n  \"dessert_friday_quantity\": 0,\n  \"dessert_monday_quantity\": 0,\n  \"dessert_saturday_quantity\": 0,\n  \"dessert_sunday_quantity\": 0,\n  \"dessert_thursday_quantity\": 0,\n  \"dessert_tuesday_quantity\": 0,\n  \"dessert_wednesday_quantity\": 0,\n  \"diabetic_friday_quantity\": 0,\n  \"diabetic_monday_quantity\": 0,\n  \"diabetic_saturday_quantity\": 0,\n  \"diabetic_sunday_quantity\": 0,\n  \"diabetic_thursday_quantity\": 0,\n  \"diabetic_tuesday_quantity\": 0,\n  \"diabetic_wednesday_quantity\": 0,\n  \"fruit_salad_friday_quantity\": 0,\n  \"fruit_salad_monday_quantity\": 0,\n  \"fruit_salad_saturday_quantity\": 0,\n  \"fruit_salad_sunday_quantity\": 0,\n  \"fruit_salad_thursday_quantity\": 0,\n  \"fruit_salad_tuesday_quantity\": 0,\n  \"fruit_salad_wednesday_quantity\": 0,\n  \"green_salad_friday_quantity\": 0,\n  \"green_salad_monday_quantity\": 0,\n  \"green_salad_saturday_quantity\": 0,\n  \"green_salad_sunday_quantity\": 0,\n  \"green_salad_thursday_quantity\": 0,\n  \"green_salad_tuesday_quantity\": 0,\n  \"green_salad_wednesday_quantity\": 0,\n  \"main_dish_friday_quantity\": 0,\n  \"main_dish_monday_quantity\": 1,\n  \"main_dish_saturday_quantity\": 0,\n  \"main_dish_sunday_quantity\": 0,\n  \"main_dish_thursday_quantity\": 0,\n  \"main_dish_tuesday_quantity\": 1,\n  \"main_dish_wednesday_quantity\": 1,\n  \"pudding_friday_quantity\": 0,\n  \"pudding_monday_quantity\": 0,\n  \"pudding_saturday_quantity\": 0,\n  \"pudding_sunday_quantity\": 0,\n  \"pudding_thursday_quantity\": 0,\n  \"pudding_tuesday_quantity\": 0,\n  \"pudding_wednesday_quantity\": 0,\n  \"size_friday\": null,\n  \"size_monday\": \"R\",\n  \"size_saturday\": null,\n  \"size_sunday\": null,\n  \"size_thursday\": null,\n  \"size_tuesday\": null,\n  \"size_wednesday\": \"R\"\n}",
      "delivery_note": "Ring door bell many times."
   }
},
{
   "model": "member.clientscheduledstatus",
   "pk": 1,
   "fields": {
      "client": 870,
      "linked_scheduled_status": null,
      "status_from": "D",
      "status_to": "A",
      "reason": "He deserves it.",
      "change_date": "2016-08-31",
      "change_state": "START",
      "operation_status": "PRO"
   }
},
{
   "model": "member.referencing",
   "pk": 255,
   "fields": {
      "referent": 865,
      "client": 606,
      "referral_reason": "Can hardly walk.",
      "work_information": "CHUM H\u00f4tel-Dieu",
      "date": "2015-11-02"
   }
},
{
   "model": "member.referencing",
   "pk": 256,
   "fields": {
      "referent": 866,
      "client": 607,
      "referral_reason": "Had an operation.",
      "work_information": "CUSM",
      "date": "2014-01-12"
   }
},
{
   "model": "member.referencing",
   "pk": 257,
   "fields": {
      "referent": 865,
      "client": 609,
      "referral_reason": "Needs help.",
      "work_information": "",
      "date": "2016-05-04"
   }
},
{
   "model": "member.referencing",
   "pk": 258,
   "fields": {
      "referent": 870,
      "client": 870,
      "referral_reason": "Needs help.",
      "work_information": "CHUM",
      "date": "2016-06-07"
   }
},
{
   "model": "member.option",
   "pk": 883,
   "fields": {
      "name": "Fruit Salad",
      "description": "",
      "option_group": "side dish"
   }
},
{
   "model": "member.option",
   "pk": 884,
   "fields": {
      "name": "Green Salad",
      "description": "",
      "option_group": "side dish"
   }
},
{
   "model": "member.option",
   "pk": 885,
   "fields": {
      "name": "Dessert",
      "description": "",
      "option_group": "side dish"
   }
},
{
   "model": "member.option",
   "pk": 886,
   "fields": {
      "name": "Pudding",
      "description": "",
      "option_group": "side dish"
   }
},
{
   "model": "member.option",
   "pk": 887,
   "fields": {
      "name": "Diabetic dessert",
      "description": "",
      "option_group": "side dish"
   }
},
{
   "model": "member.option",
   "pk": 888,
   "fields": {
      "name": "Puree all",
      "description": "",
      "option_group": "preparation"
   }
},
{
   "model": "member.option",
   "pk": 889,
   "fields": {
      "name": "Cut up meat",
      "description": "",
      "option_group": "preparation"
   }
},
{
   "model": "member.option",
   "pk": 890,
   "fields": {
      "name": "meals_schedule",
      "description": "Options to describe days of deliveries.",
      "option_group": "other order item"
   }
},
{
   "model": "member.client_option",
   "pk": 507,
   "fields": {
      "client": 606,
      "option": 886,
      "value": "pudding"
   }
},
{
   "model": "member.client_option",
   "pk": 508,
   "fields": {
      "client": 607,
      "option": 885,
      "value": "Dessert"
   }
},
{
   "model": "member.client_option",
   "pk": 509,
   "fields": {
      "client": 608,
      "option": 889,
      "value": "Cut up meat"
   }
},
{
   "model": "member.client_option",
   "pk": 510,
   "fields": {
      "client": 870,
      "option": 890,
      "value": "[\"monday\", \"tuesday\", \"wednesday\"]"
   }
},
{
   "model": "member.client_option",
   "pk": 511,
   "fields": {
      "client": 612,
      "option": 890,
      "value": "[\"monday\", \"tuesday\", \"wednesday\", \"thursday\", \"friday\", \"saturday\", \"sunday\"]"
   }
},
{
   "model": "member.client_option",
   "pk": 512,
   "fields": {
      "client": 611,
      "option": 890,
      "value": "[\"monday\", \"tuesday\", \"wednesday\", \"thursday\", \"friday\", \"saturday\", \"sunday\"]"
   }
},
{
   "model": "member.client_option",
   "pk": 513,
   "fields": {
      "client": 610,
      "option": 890,
      "value": "[\"monday\", \"tuesday\", \"wednesday\", \"thursday\", \"friday\", \"saturday\", \"sunday\"]"
   }
},
{
   "model": "member.client_option",
   "pk": 514,
   "fields": {
      "client": 609,
      "option": 890,
      "value": "[\"monday\", \"tuesday\", \"wednesday\", \"thursday\", \"friday\", \"saturday\", \"sunday\"]"
   }
},
{
   "model": "member.client_option",
   "pk": 515,
   "fields": {
      "client": 608,
      "option": 890,
      "value": "[\"monday\", \"tuesday\", \"wednesday\", \"thursday\", \"friday\", \"saturday\", \"sunday\"]"
   }
},
{
   "model": "member.client_option",
   "pk": 516,
   "fields": {
      "client": 606,
      "option": 890,
      "value": "[\"monday\", \"tuesday\", \"wednesday\", \"thursday\", \"friday\", \"saturday\", \"sunday\"]"
   }
},
{
   "model": "member.client_option",
   "pk": 517,
   "fields": {
      "client": 607,
      "option": 890,
      "value": "[\"monday\", \"tuesday\", \"wednesday\", \"thursday\", \"friday\", \"saturday\", \"sunday\"]"
   }
},
{
   "model": "member.restriction",
   "pk": 412,
   "fields": {
      "client": 606,
      "restricted_item": 1025
   }
},
{
   "model": "member.restriction",
   "pk": 413,
   "fields": {
      "client": 606,
      "restricted_item": 1021
   }
},
{
   "model": "member.restriction",
   "pk": 416,
   "fields": {
      "client": 611,
      "restricted_item": 1032
   }
},
{
   "model": "member.client_avoid_ingredient",
   "pk": 410,
   "fields": {
      "client": 609,
      "ingredient": 3413
   }
},
{
   "model": "member.client_avoid_ingredient",
   "pk": 411,
   "fields": {
      "client": 609,
      "ingredient": 3336
   }
},
{
   "model": "member.client_avoid_ingredient",
   "pk": 412,
   "fields": {
      "client": 609,
      "ingredient": 3335
   }
},
{
   "model": "member.client_avoid_ingredient",
   "pk": 415,
   "fields": {
      "client": 610,
      "ingredient": 3292
   }
},
{
   "model": "member.client_avoid_ingredient",
   "pk": 416,
   "fields": {
      "client": 610,
      "ingredient": 3384
   }
},
{
   "model": "member.client_avoid_ingredient",
   "pk": 417,
   "fields": {
      "client": 612,
      "ingredient": 3338
   }
},
{
   "model": "member.client_avoid_ingredient",
   "pk": 418,
   "fields": {
      "client": 612,
      "ingredient": 3413
   }
},
{
   "model": "member.client_avoid_component",
   "pk": 382,
   "fields": {
      "client": 609,
      "component": 1593
   }
},
{
   "model": "member.client_avoid_component",
   "pk": 383,
   "fields": {
      "client": 609,
      "component": 1586
   }
},
{
   "model": "member.client_avoid_component",
   "pk": 384,
   "fields": {
      "client": 609,
      "component": 1618
   }
},
{
   "model": "order.order",
   "pk": 784,
   "fields": {
      "creation_date": "2016-05-20",
      "delivery_date": "2016-05-21",
      "status": "O",
      "client": 606
   }
},
{
   "model": "order.order",
   "pk": 785,
   "fields": {
      "creation_date": "2016-05-20",
      "delivery_date": "2016-05-21",
      "status": "O",
      "client": 607
   }
},
{
   "model": "order.order",
   "pk": 786,
   "fields": {
      "creation_date": "2016-05-20",
      "delivery_date": "2016-05-21",
      "status": "O",
      "client": 608
   }
},
{
   "model": "order.order",
   "pk": 787,
   "fields": {
      "creation_date": "2016-05-20",
      "delivery_date": "2016-05-21",
      "status": "O",
      "client": 609
   }
},
{
   "model": "order.order",
   "pk": 788,
   "fields": {
      "creation_date": "2016-05-20",
      "delivery_date": "2016-05-21",
      "status": "O",
      "client": 610
   }
},
{
   "model": "order.order",
   "pk": 789,
   "fields": {
      "creation_date": "2016-05-20",
      "delivery_date": "2016-05-21",
      "status": "O",
      "client": 611
   }
},
{
   "model": "order.order",
   "pk": 790,
   "fields": {
      "creation_date": "2016-05-20",
      "delivery_date": "2016-05-21",
      "status": "O",
      "client": 612
   }
},
{
   "model": "order.order",
   "pk": 791,
   "fields": {
      "creation_date": "2016-08-12",
      "delivery_date": "2016-08-12",
      "status": "O",
      "client": 606
   }
},
{
   "model": "order.order",
   "pk": 792,
   "fields": {
      "creation_date": "2016-08-12",
      "delivery_date": "2016-08-12",
      "status": "O",
      "client": 607
   }
},
{
   "model": "order.order",
   "pk": 793,
   "fields": {
      "creation_date": "2016-08-12",
      "delivery_date": "2016-08-12",
      "status": "O",
      "client": 608
   }
},
{
   "model": "order.order",
   "pk": 794,
   "fields": {
      "creation_date": "2016-08-12",
      "delivery_date": "2016-08-12",
      "status": "O",
      "client": 609
   }
},
{
   "model": "order.order",
   "pk": 795,
   "fields": {
      "creation_date": "2016-08-12",
      "delivery_date": "2016-08-12",
      "status": "O",
      "client": 610
   }
},
{
   "model": "order.order",
   "pk": 796,
   "fields": {
      "creation_date": "2016-08-12",
      "delivery_date": "2016-08-12",
      "status": "O",
      "client": 611
   }
},
{
   "model": "order.order",
   "pk": 797,
   "fields": {
      "creation_date": "2016-08-12",
      "delivery_date": "2016-08-12",
      "status": "O",
      "client": 612
   }
},
{
   "model": "order.order",
   "pk": 812,
   "fields": {
      "creation_date": "2016-08-13",
      "delivery_date": "2016-08-13",
      "status": "O",
      "client": 606
   }
},
{
   "model": "order.order",
   "pk": 813,
   "fields": {
      "creation_date": "2016-08-13",
      "delivery_date": "2016-08-13",
      "status": "O",
      "client": 607
   }
},
{
   "model": "order.order",
   "pk": 814,
   "fields": {
      "creation_date": "2016-08-13",
      "delivery_date": "2016-08-13",
      "status": "O",
      "client": 608
   }
},
{
   "model": "order.order",
   "pk": 815,
   "fields": {
      "creation_date": "2016-08-13",
      "delivery_date": "2016-08-13",
      "status": "O",
      "client": 609
   }
},
{
   "model": "order.order",
   "pk": 816,
   "fields": {
      "creation_date": "2016-08-13",
      "delivery_date": "2016-08-13",
      "status": "O",
      "client": 610
   }
},
{
   "model": "order.order",
   "pk": 817,
   "fields": {
      "creation_date": "2016-08-13",
      "delivery_date": "2016-08-13",
      "status": "O",
      "client": 611
   }
},
{
   "model": "order.order",
   "pk": 818,
   "fields": {
      "creation_date": "2016-08-13",
      "delivery_date": "2016-08-13",
      "status": "O",
      "client": 612
   }
},
{
   "model": "order.order",
   "pk": 819,
   "fields": {
      "creation_date": "2016-08-14",
      "delivery_date": "2016-08-14",
      "status": "O",
      "client": 606
   }
},
{
   "model": "order.order",
   "pk": 820,
   "fields": {
      "creation_date": "2016-08-14",
      "delivery_date": "2016-08-14",
      "status": "O",
      "client": 607
   }
},
{
   "model": "order.order",
   "pk": 821,
   "fields": {
      "creation_date": "2016-08-14",
      "delivery_date": "2016-08-14",
      "status": "O",
      "client": 608
   }
},
{
   "model": "order.order",
   "pk": 822,
   "fields": {
      "creation_date": "2016-08-14",
      "delivery_date": "2016-08-14",
      "status": "O",
      "client": 609
   }
},
{
   "model": "order.order",
   "pk": 823,
   "fields": {
      "creation_date": "2016-08-14",
      "delivery_date": "2016-08-14",
      "status": "O",
      "client": 610
   }
},
{
   "model": "order.order",
   "pk": 824,
   "fields": {
      "creation_date": "2016-08-14",
      "delivery_date": "2016-08-14",
      "status": "O",
      "client": 611
   }
},
{
   "model": "order.order",
   "pk": 825,
   "fields": {
      "creation_date": "2016-08-14",
      "delivery_date": "2016-08-14",
      "status": "O",
      "client": 612
   }
},
{
   "model": "order.order",
   "pk": 826,
   "fields": {
      "creation_date": "2016-08-16",
      "delivery_date": "2016-08-16",
      "status": "O",
      "client": 606
   }
},
{
   "model": "order.order",
   "pk": 827,
   "fields": {
      "creation_date": "2016-08-16",
      "delivery_date": "2016-08-16",
      "status": "O",
      "client": 607
   }
},
{
   "model": "order.order",
   "pk": 828,
   "fields": {
      "creation_date": "2016-08-16",
      "delivery_date": "2016-08-16",
      "status": "O",
      "client": 608
   }
},
{
   "model": "order.order",
   "pk": 829,
   "fields": {
      "creation_date": "2016-08-16",
      "delivery_date": "2016-08-16",
      "status": "O",
      "client": 609
   }
},
{
   "model": "order.order",
   "pk": 830,
   "fields": {
      "creation_date": "2016-08-16",
      "delivery_date": "2016-08-16",
      "status": "O",
      "client": 610
   }
},
{
   "model": "order.order",
   "pk": 831,
   "fields": {
      "creation_date": "2016-08-16",
      "delivery_date": "2016-08-16",
      "status": "O",
      "client": 611
   }
},
{
   "model": "order.order",
   "pk": 832,
   "fields": {
      "creation_date": "2016-08-16",
      "delivery_date": "2016-08-16",
      "status": "O",
      "client": 612
   }
},
{
   "model": "order.order",
   "pk": 833,
   "fields": {
      "creation_date": "2016-08-17",
      "delivery_date": "2016-08-17",
      "status": "O",
      "client": 606
   }
},
{
   "model": "order.order",
   "pk": 834,
   "fields": {
      "creation_date": "2016-08-17",
      "delivery_date": "2016-08-17",
      "status": "O",
      "client": 607
   }
},
{
   "model": "order.order",
   "pk": 835,
   "fields": {
      "creation_date": "2016-08-17",
      "delivery_date": "2016-08-17",
      "status": "O",
      "client": 608
   }
},
{
   "model": "order.order",
   "pk": 836,
   "fields": {
      "creation_date": "2016-08-17",
      "delivery_date": "2016-08-17",
      "status": "O",
      "client": 609
   }
},
{
   "model": "order.order",
   "pk": 837,
   "fields": {
      "creation_date": "2016-08-17",
      "delivery_date": "2016-08-17",
      "status": "O",
      "client": 610
   }
},
{
   "model": "order.order",
   "pk": 838,
   "fields": {
      "creation_date": "2016-08-17",
      "delivery_date": "2016-08-17",
      "status": "O",
      "client": 611
   }
},
{
   "model": "order.order",
   "pk": 839,
   "fields": {
      "creation_date": "2016-08-17",
      "delivery_date": "2016-08-17",
      "status": "O",
      "client": 612
   }
},
{
   "model": "order.order",
   "pk": 840,
   "fields": {
      "creation_date": "2016-08-18",
      "delivery_date": "2016-08-18",
      "status": "O",
      "client": 606
   }
},
{
   "model": "order.order",
   "pk": 841,
   "fields": {
      "creation_date": "2016-08-18",
      "delivery_date": "2016-08-18",
      "status": "O",
      "client": 607
   }
},
{
   "model": "order.order",
   "pk": 842,
   "fields": {
      "creation_date": "2016-08-18",
      "delivery_date": "2016-08-18",
      "status": "O",
      "client": 608
   }
},
{
   "model": "order.order",
   "pk": 843,
   "fields": {
      "creation_date": "2016-08-18",
      "delivery_date": "2016-08-18",
      "status": "O",
      "client": 609
   }
},
{
   "model": "order.order",
   "pk": 844,
   "fields": {
      "creation_date": "2016-08-18",
      "delivery_date": "2016-08-18",
      "status": "O",
      "client": 610
   }
},
{
   "model": "order.order",
   "pk": 845,
   "fields": {
      "creation_date": "2016-08-18",
      "delivery_date": "2016-08-18",
      "status": "O",
      "client": 611
   }
},
{
   "model": "order.order",
   "pk": 846,
   "fields": {
      "creation_date": "2016-08-18",
      "delivery_date": "2016-08-18",
      "status": "O",
      "client": 612
   }
},
{
   "model": "order.order",
   "pk": 854,
   "fields": {
      "creation_date": "2016-08-22",
      "delivery_date": "2016-08-22",
      "status": "O",
      "client": 606
   }
},
{
   "model": "order.order",
   "pk": 855,
   "fields": {
      "creation_date": "2016-08-22",
      "delivery_date": "2016-08-22",
      "status": "O",
      "client": 607
   }
},
{
   "model": "order.order",
   "pk": 856,
   "fields": {
      "creation_date": "2016-08-22",
      "delivery_date": "2016-08-22",
      "status": "O",
      "client": 608
   }
},
{
   "model": "order.order",
   "pk": 857,
   "fields": {
      "creation_date": "2016-08-22",
      "delivery_date": "2016-08-22",
      "status": "O",
      "client": 609
   }
},
{
   "model": "order.order",
   "pk": 858,
   "fields": {
      "creation_date": "2016-08-22",
      "delivery_date": "2016-08-22",
      "status": "O",
      "client": 610
   }
},
{
   "model": "order.order",
   "pk": 859,
   "fields": {
      "creation_date": "2016-08-22",
      "delivery_date": "2016-08-22",
      "status": "O",
      "client": 611
   }
},
{
   "model": "order.order",
   "pk": 860,
   "fields": {
      "creation_date": "2016-08-22",
      "delivery_date": "2016-08-22",
      "status": "O",
      "client": 612
   }
},
{
   "model": "order.order",
   "pk": 861,
   "fields": {
      "creation_date": "2016-08-24",
      "delivery_date": "2016-08-24",
      "status": "O",
      "client": 606
   }
},
{
   "model": "order.order",
   "pk": 862,
   "fields": {
      "creation_date": "2016-08-24",
      "delivery_date": "2016-08-24",
      "status": "O",
      "client": 607
   }
},
{
   "model": "order.order",
   "pk": 863,
   "fields": {
      "creation_date": "2016-08-24",
      "delivery_date": "2016-08-24",
      "status": "O",
      "client": 608
   }
},
{
   "model": "order.order",
   "pk": 864,
   "fields": {
      "creation_date": "2016-08-24",
      "delivery_date": "2016-08-24",
      "status": "O",
      "client": 609
   }
},
{
   "model": "order.order",
   "pk": 865,
   "fields": {
      "creation_date": "2016-08-24",
      "delivery_date": "2016-08-24",
      "status": "O",
      "client": 610
   }
},
{
   "model": "order.order",
   "pk": 866,
   "fields": {
      "creation_date": "2016-08-24",
      "delivery_date": "2016-08-24",
      "status": "O",
      "client": 611
   }
},
{
   "model": "order.order",
   "pk": 867,
   "fields": {
      "creation_date": "2016-08-24",
      "delivery_date": "2016-08-24",
      "status": "O",
      "client": 612
   }
},
{
   "model": "order.order",
   "pk": 868,
   "fields": {
      "creation_date": "2016-08-25",
      "delivery_date": "2016-08-25",
      "status": "O",
      "client": 606
   }
},
{
   "model": "order.order",
   "pk": 869,
   "fields": {
      "creation_date": "2016-08-25",
      "delivery_date": "2016-08-25",
      "status": "O",
      "client": 607
   }
},
{
   "model": "order.order",
   "pk": 870,
   "fields": {
      "creation_date": "2016-08-25",
      "delivery_date": "2016-08-25",
      "status": "O",
      "client": 608
   }
},
{
   "model": "order.order",
   "pk": 871,
   "fields": {
      "creation_date": "2016-08-25",
      "delivery_date": "2016-08-25",
      "status": "O",
      "client": 609
   }
},
{
   "model": "order.order",
   "pk": 872,
   "fields": {
      "creation_date": "2016-08-25",
      "delivery_date": "2016-08-25",
      "status": "O",
      "client": 610
   }
},
{
   "model": "order.order",
   "pk": 873,
   "fields": {
      "creation_date": "2016-08-25",
      "delivery_date": "2016-08-25",
      "status": "O",
      "client": 611
   }
},
{
   "model": "order.order",
   "pk": 874,
   "fields": {
      "creation_date": "2016-08-25",
      "delivery_date": "2016-08-25",
      "status": "O",
      "client": 612
   }
},
{
   "model": "order.order",
   "pk": 875,
   "fields": {
      "creation_date": "2016-08-26",
      "delivery_date": "2016-08-26",
      "status": "O",
      "client": 606
   }
},
{
   "model": "order.order",
   "pk": 876,
   "fields": {
      "creation_date": "2016-08-26",
      "delivery_date": "2016-08-26",
      "status": "O",
      "client": 607
   }
},
{
   "model": "order.order",
   "pk": 877,
   "fields": {
      "creation_date": "2016-08-26",
      "delivery_date": "2016-08-26",
      "status": "O",
      "client": 608
   }
},
{
   "model": "order.order",
   "pk": 878,
   "fields": {
      "creation_date": "2016-08-26",
      "delivery_date": "2016-08-26",
      "status": "O",
      "client": 609
   }
},
{
   "model": "order.order",
   "pk": 879,
   "fields": {
      "creation_date": "2016-08-26",
      "delivery_date": "2016-08-26",
      "status": "O",
      "client": 610
   }
},
{
   "model": "order.order",
   "pk": 880,
   "fields": {
      "creation_date": "2016-08-26",
      "delivery_date": "2016-08-26",
      "status": "O",
      "client": 611
   }
},
{
   "model": "order.order",
   "pk": 881,
   "fields": {
      "creation_date": "2016-08-26",
      "delivery_date": "2016-08-26",
      "status": "O",
      "client": 612
   }
},
{
   "model": "order.order",
   "pk": 882,
   "fields": {
      "creation_date": "2016-08-27",
      "delivery_date": "2016-08-27",
      "status": "O",
      "client": 606
   }
},
{
   "model": "order.order",
   "pk": 883,
   "fields": {
      "creation_date": "2016-08-27",
      "delivery_date": "2016-08-27",
      "status": "O",
      "client": 607
   }
},
{
   "model": "order.order",
   "pk": 884,
   "fields": {
      "creation_date": "2016-08-27",
      "delivery_date": "2016-08-27",
      "status": "O",
      "client": 608
   }
},
{
   "model": "order.order",
   "pk": 885,
   "fields": {
      "creation_date": "2016-08-27",
      "delivery_date": "2016-08-27",
      "status": "O",
      "client": 609
   }
},
{
   "model": "order.order",
   "pk": 886,
   "fields": {
      "creation_date": "2016-08-27",
      "delivery_date": "2016-08-27",
      "status": "O",
      "client": 610
   }
},
{
   "model": "order.order",
   "pk": 887,
   "fields": {
      "creation_date": "2016-08-27",
      "delivery_date": "2016-08-27",
      "status": "O",
      "client": 611
   }
},
{
   "model": "order.order",
   "pk": 888,
   "fields": {
      "creation_date": "2016-08-27",
      "delivery_date": "2016-08-27",
      "status": "O",
      "client": 612
   }
},
{
   "model": "order.order",
   "pk": 889,
   "fields": {
      "creation_date": "2016-08-28",
      "delivery_date": "2016-08-28",
      "status": "O",
      "client": 606
   }
},
{
   "model": "order.order",
   "pk": 890,
   "fields": {
      "creation_date": "2016-08-28",
      "delivery_date": "2016-08-28",
      "status": "O",
      "client": 607
   }
},
{
   "model": "order.order",
   "pk": 891,
   "fields": {
      "creation_date": "2016-08-28",
      "delivery_date": "2016-08-28",
      "status": "O",
      "client": 608
   }
},
{
   "model": "order.order",
   "pk": 892,
   "fields": {
      "creation_date": "2016-08-28",
      "delivery_date": "2016-08-28",
      "status": "O",
      "client": 609
   }
},
{
   "model": "order.order",
   "pk": 893,
   "fields": {
      "creation_date": "2016-08-28",
      "delivery_date": "2016-08-28",
      "status": "O",
      "client": 610
   }
},
{
   "model": "order.order",
   "pk": 894,
   "fields": {
      "creation_date": "2016-08-28",
      "delivery_date": "2016-08-28",
      "status": "O",
      "client": 611
   }
},
{
   "model": "order.order",
   "pk": 895,
   "fields": {
      "creation_date": "2016-08-28",
      "delivery_date": "2016-08-28",
      "status": "O",
      "client": 612
   }
},
{
   "model": "order.order",
   "pk": 896,
   "fields": {
      "creation_date": "2016-08-29",
      "delivery_date": "2016-08-29",
      "status": "O",
      "client": 606
   }
},
{
   "model": "order.order",
   "pk": 897,
   "fields": {
      "creation_date": "2016-08-29",
      "delivery_date": "2016-08-29",
      "status": "O",
      "client": 607
   }
},
{
   "model": "order.order",
   "pk": 898,
   "fields": {
      "creation_date": "2016-08-29",
      "delivery_date": "2016-08-29",
      "status": "O",
      "client": 608
   }
},
{
   "model": "order.order",
   "pk": 899,
   "fields": {
      "creation_date": "2016-08-29",
      "delivery_date": "2016-08-29",
      "status": "O",
      "client": 609
   }
},
{
   "model": "order.order",
   "pk": 900,
   "fields": {
      "creation_date": "2016-08-29",
      "delivery_date": "2016-08-29",
      "status": "O",
      "client": 610
   }
},
{
   "model": "order.order",
   "pk": 901,
   "fields": {
      "creation_date": "2016-08-29",
      "delivery_date": "2016-08-29",
      "status": "O",
      "client": 611
   }
},
{
   "model": "order.order",
   "pk": 902,
   "fields": {
      "creation_date": "2016-08-29",
      "delivery_date": "2016-08-29",
      "status": "O",
      "client": 612
   }
},
{
   "model": "order.order",
   "pk": 903,
   "fields": {
      "creation_date": "2016-08-30",
      "delivery_date": "2016-08-30",
      "status": "O",
      "client": 606
   }
},
{
   "model": "order.order",
   "pk": 904,
   "fields": {
      "creation_date": "2016-08-30",
      "delivery_date": "2016-08-30",
      "status": "O",
      "client": 607
   }
},
{
   "model": "order.order",
   "pk": 905,
   "fields": {
      "creation_date": "2016-08-30",
      "delivery_date": "2016-08-30",
      "status": "O",
      "client": 608
   }
},
{
   "model": "order.order",
   "pk": 906,
   "fields": {
      "creation_date": "2016-08-30",
      "delivery_date": "2016-08-30",
      "status": "O",
      "client": 609
   }
},
{
   "model": "order.order",
   "pk": 907,
   "fields": {
      "creation_date": "2016-08-30",
      "delivery_date": "2016-08-30",
      "status": "O",
      "client": 610
   }
},
{
   "model": "order.order",
   "pk": 908,
   "fields": {
      "creation_date": "2016-08-30",
      "delivery_date": "2016-08-30",
      "status": "O",
      "client": 611
   }
},
{
   "model": "order.order",
   "pk": 909,
   "fields": {
      "creation_date": "2016-08-30",
      "delivery_date": "2016-08-30",
      "status": "O",
      "client": 612
   }
},
{
   "model": "order.order",
   "pk": 917,
   "fields": {
      "creation_date": "2016-08-31",
      "delivery_date": "2016-08-31",
      "status": "O",
      "client": 606
   }
},
{
   "model": "order.order",
   "pk": 918,
   "fields": {
      "creation_date": "2016-08-31",
      "delivery_date": "2016-08-31",
      "status": "O",
      "client": 607
   }
},
{
   "model": "order.order",
   "pk": 919,
   "fields": {
      "creation_date": "2016-08-31",
      "delivery_date": "2016-08-31",
      "status": "O",
      "client": 608
   }
},
{
   "model": "order.order",
   "pk": 920,
   "fields": {
      "creation_date": "2016-08-31",
      "delivery_date": "2016-08-31",
      "status": "O",
      "client": 609
   }
},
{
   "model": "order.order",
   "pk": 921,
   "fields": {
      "creation_date": "2016-08-31",
      "delivery_date": "2016-08-31",
      "status": "O",
      "client": 610
   }
},
{
   "model": "order.order",
   "pk": 922,
   "fields": {
      "creation_date": "2016-08-31",
      "delivery_date": "2016-08-31",
      "status": "O",
      "client": 611
   }
},
{
   "model": "order.order",
   "pk": 923,
   "fields": {
      "creation_date": "2016-08-31",
      "delivery_date": "2016-08-31",
      "status": "O",
      "client": 612
   }
},
{
   "model": "order.order",
   "pk": 924,
   "fields": {
      "creation_date": "2016-08-31",
      "delivery_date": "2016-08-31",
      "status": "O",
      "client": 870
   }
},
{
   "model": "order.order",
   "pk": 925,
   "fields": {
      "creation_date": "2016-09-01",
      "delivery_date": "2016-09-01",
      "status": "O",
      "client": 606
   }
},
{
   "model": "order.order",
   "pk": 926,
   "fields": {
      "creation_date": "2016-09-01",
      "delivery_date": "2016-09-01",
      "status": "O",
      "client": 607
   }
},
{
   "model": "order.order",
   "pk": 927,
   "fields": {
      "creation_date": "2016-09-01",
      "delivery_date": "2016-09-01",
      "status": "O",
      "client": 608
   }
},
{
   "model": "order.order",
   "pk": 928,
   "fields": {
      "creation_date": "2016-09-01",
      "delivery_date": "2016-09-01",
      "status": "O",
      "client": 609
   }
},
{
   "model": "order.order",
   "pk": 929,
   "fields": {
      "creation_date": "2016-09-01",
      "delivery_date": "2016-09-01",
      "status": "O",
      "client": 610
   }
},
{
   "model": "order.order",
   "pk": 930,
   "fields": {
      "creation_date": "2016-09-01",
      "delivery_date": "2016-09-01",
      "status": "O",
      "client": 611
   }
},
{
   "model": "order.order",
   "pk": 931,
   "fields": {
      "creation_date": "2016-09-01",
      "delivery_date": "2016-09-01",
      "status": "O",
      "client": 612
   }
},
{
   "model": "order.order",
   "pk": 932,
   "fields": {
      "creation_date": "2016-09-02",
      "delivery_date": "2016-09-02",
      "status": "O",
      "client": 606
   }
},
{
   "model": "order.order",
   "pk": 933,
   "fields": {
      "creation_date": "2016-09-02",
      "delivery_date": "2016-09-02",
      "status": "O",
      "client": 607
   }
},
{
   "model": "order.order",
   "pk": 934,
   "fields": {
      "creation_date": "2016-09-02",
      "delivery_date": "2016-09-02",
      "status": "O",
      "client": 608
   }
},
{
   "model": "order.order",
   "pk": 935,
   "fields": {
      "creation_date": "2016-09-02",
      "delivery_date": "2016-09-02",
      "status": "O",
      "client": 609
   }
},
{
   "model": "order.order",
   "pk": 936,
   "fields": {
      "creation_date": "2016-09-02",
      "delivery_date": "2016-09-02",
      "status": "O",
      "client": 610
   }
},
{
   "model": "order.order",
   "pk": 937,
   "fields": {
      "creation_date": "2016-09-02",
      "delivery_date": "2016-09-02",
      "status": "O",
      "client": 611
   }
},
{
   "model": "order.order",
   "pk": 938,
   "fields": {
      "creation_date": "2016-09-02",
      "delivery_date": "2016-09-02",
      "status": "O",
      "client": 612
   }
},
{
   "model": "order.order",
   "pk": 939,
   "fields": {
      "creation_date": "2016-09-11",
      "delivery_date": "2016-09-11",
      "status": "O",
      "client": 606
   }
},
{
   "model": "order.order",
   "pk": 940,
   "fields": {
      "creation_date": "2016-09-11",
      "delivery_date": "2016-09-11",
      "status": "O",
      "client": 607
   }
},
{
   "model": "order.order",
   "pk": 941,
   "fields": {
      "creation_date": "2016-09-11",
      "delivery_date": "2016-09-11",
      "status": "O",
      "client": 608
   }
},
{
   "model": "order.order",
   "pk": 942,
   "fields": {
      "creation_date": "2016-09-11",
      "delivery_date": "2016-09-11",
      "status": "O",
      "client": 609
   }
},
{
   "model": "order.order",
   "pk": 943,
   "fields": {
      "creation_date": "2016-09-11",
      "delivery_date": "2016-09-11",
      "status": "O",
      "client": 610
   }
},
{
   "model": "order.order",
   "pk": 944,
   "fields": {
      "creation_date": "2016-09-11",
      "delivery_date": "2016-09-11",
      "status": "O",
      "client": 611
   }
},
{
   "model": "order.order",
   "pk": 945,
   "fields": {
      "creation_date": "2016-09-11",
      "delivery_date": "2016-09-11",
      "status": "O",
      "client": 612
   }
},
{
   "model": "order.order_item",
   "pk": 2350,
   "fields": {
      "order": 784,
      "price": "7.00",
      "billable_flag": true,
      "size": "R",
      "order_item_type": "B component",
      "remark": "Chat with him !",
      "total_quantity": 1,
      "free_quantity": null,
      "component_group": "main_dish"
   }
},
{
   "model": "order.order_item",
   "pk": 2351,
   "fields": {
      "order": 784,
      "price": "7.00",
      "billable_flag": true,
      "size": "L",
      "order_item_type": "B component",
      "remark": "",
      "total_quantity": 1,
      "free_quantity": null,
      "component_group": "pudding"
   }
},
{
   "model": "order.order_item",
   "pk": 2352,
   "fields": {
      "order": 785,
      "price": "7.00",
      "billable_flag": true,
      "size": "L",
      "order_item_type": "B component",
      "remark": "",
      "total_quantity": 2,
      "free_quantity": null,
      "component_group": "main_dish"
   }
},
{
   "model": "order.order_item",
   "pk": 2353,
   "fields": {
      "order": 785,
      "price": "7.00",
      "billable_flag": true,
      "size": "L",
      "order_item_type": "B component",
      "remark": "",
      "total_quantity": 2,
      "free_quantity": null,
      "component_group": "dessert"
   }
},
{
   "model": "order.order_item",
   "pk": 2354,
   "fields": {
      "order": 784,
      "price": "7.00",
      "billable_flag": true,
      "size": "L",
      "order_item_type": "B component",
      "remark": "",
      "total_quantity": 1,
      "free_quantity": null,
      "component_group": "green_salad"
   }
},
{
   "model": "order.order_item",
   "pk": 2355,
   "fields": {
      "order": 786,
      "price": "7.00",
      "billable_flag": true,
      "size": "L",
      "order_item_type": "B component",
      "remark": "",
      "total_quantity": 1,
      "free_quantity": null,
      "component_group": "main_dish"
   }
},
{
   "model": "order.order_item",
   "pk": 2356,
   "fields": {
      "order": 786,
      "price": "7.00",
      "billable_flag": true,
      "size": "L",
      "order_item_type": "B component",
      "remark": "",
      "total_quantity": 1,
      "free_quantity": null,
      "component_group": "fruit_salad"
   }
},
{
   "model": "order.order_item",
   "pk": 2357,
   "fields": {
      "order": 787,
      "price": "7.00",
      "billable_flag": true,
      "size": "L",
      "order_item_type": "B component",
      "remark": "",
      "total_quantity": 1,
      "free_quantity": null,
      "component_group": "main_dish"
   }
},
{
   "model": "order.order_item",
   "pk": 2358,
   "fields": {
      "order": 787,
      "price": "7.00",
      "billable_flag": true,
      "size": "L",
      "order_item_type": "B component",
      "remark": "Check out his garden",
      "total_quantity": 1,
      "free_quantity": null,
      "component_group": "diabetic"
   }
},
{
   "model": "order.order_item",
   "pk": 2359,
   "fields": {
      "order": 788,
      "price": "7.00",
      "billable_flag": true,
      "size": "L",
      "order_item_type": "B component",
      "remark": "",
      "total_quantity": 1,
      "free_quantity": null,
      "component_group": "main_dish"
   }
},
{
   "model": "order.order_item",
   "pk": 2360,
   "fields": {
      "order": 788,
      "price": "7.00",
      "billable_flag": true,
      "size": "L",
      "order_item_type": "B component",
      "remark": "Check out his garden",
      "total_quantity": 1,
      "free_quantity": null,
      "component_group": "fruit_salad"
   }
},
{
   "model": "order.order_item",
   "pk": 2361,
   "fields": {
      "order": 789,
      "price": "7.00",
      "billable_flag": true,
      "size": "R",
      "order_item_type": "B component",
      "remark": "",
      "total_quantity": 1,
      "free_quantity": null,
      "component_group": "main_dish"
   }
},
{
   "model": "order.order_item",
   "pk": 2362,
   "fields": {
      "order": 789,
      "price": "7.00",
      "billable_flag": true,
      "size": "L",
      "order_item_type": "B component",
      "remark": "Check out his garden",
      "total_quantity": 1,
      "free_quantity": null,
      "component_group": "fruit_salad"
   }
},
{
   "model": "order.order_item",
   "pk": 2363,
   "fields": {
      "order": 790,
      "price": "7.00",
      "billable_flag": true,
      "size": "R",
      "order_item_type": "B component",
      "remark": "",
      "total_quantity": 1,
      "free_quantity": null,
      "component_group": "main_dish"
   }
},
{
   "model": "order.order_item",
   "pk": 2364,
   "fields": {
      "order": 790,
      "price": "7.00",
      "billable_flag": true,
      "size": "L",
      "order_item_type": "B component",
      "remark": "Check out his garden",
      "total_quantity": 1,
      "free_quantity": null,
      "component_group": "fruit_salad"
   }
},
{
   "model": "order.order_item",
   "pk": 2365,
   "fields": {
      "order": 791,
      "price": "16.00",
      "billable_flag": true,
      "size": "L",
      "order_item_type": "B component",
      "remark": "",
      "total_quantity": 2,
      "free_quantity": 0,
      "component_group": "main_dish"
   }
},
{
   "model": "order.order_item",
   "pk": 2366,
   "fields": {
      "order": 791,
      "price": "0.00",
      "billable_flag": true,
      "size": "L",
      "order_item_type": "B component",
      "remark": "",
      "total_quantity": 1,
      "free_quantity": 1,
      "component_group": "dessert"
   }
},
{
   "model": "order.order_item",
   "pk": 2367,
   "fields": {
      "order": 791,
      "price": "0.00",
      "billable_flag": true,
      "size": "L",
      "order_item_type": "B component",
      "remark": "",
      "total_quantity": 1,
      "free_quantity": 1,
      "component_group": "green_salad"
   }
},
{
   "model": "order.order_item",
   "pk": 2368,
   "fields": {
      "order": 791,
      "price": "1.00",
      "billable_flag": true,
      "size": "L",
      "order_item_type": "B component",
      "remark": "",
      "total_quantity": 1,
      "free_quantity": 0,
      "component_group": "pudding"
   }
},
{
   "model": "order.order_item",
   "pk": 2369,
   "fields": {
      "order": 792,
      "price": "8.00",
      "billable_flag": true,
      "size": "R",
      "order_item_type": "B component",
      "remark": "",
      "total_quantity": 1,
      "free_quantity": 0,
      "component_group": "main_dish"
   }
},
{
   "model": "order.order_item",
   "pk": 2370,
   "fields": {
      "order": 792,
      "price": "0.00",
      "billable_flag": true,
      "size": "R",
      "order_item_type": "B component",
      "remark": "",
      "total_quantity": 1,
      "free_quantity": 1,
      "component_group": "dessert"
   }
},
{
   "model": "order.order_item",
   "pk": 2371,
   "fields": {
      "order": 793,
      "price": "16.00",
      "billable_flag": true,
      "size": "R",
      "order_item_type": "B component",
      "remark": "",
      "total_quantity": 2,
      "free_quantity": 0,
      "component_group": "main_dish"
   }
},
{
   "model": "order.order_item",
   "pk": 2372,
   "fields": {
      "order": 793,
      "price": "0.00",
      "billable_flag": true,
      "size": "R",
      "order_item_type": "B component",
      "remark": "",
      "total_quantity": 2,
      "free_quantity": 2,
      "component_group": "green_salad"
   }
},
{
   "model": "order.order_item",
   "pk": 2373,
   "fields": {
      "order": 794,
      "price": "8.00",
      "billable_flag": true,
      "size": "L",
      "order_item_type": "B component",
      "remark": "",
      "total_quantity": 1,
      "free_quantity": 0,
      "component_group": "main_dish"
   }
},
{
   "model": "order.order_item",
   "pk": 2374,
   "fields": {
      "order": 794,
      "price": "0.00",
      "billable_flag": true,
      "size": "L",
      "order_item_type": "B component",
      "remark": "",
      "total_quantity": 1,
      "free_quantity": 1,
      "component_group": "compote"
   }
},
{
   "model": "order.order_item",
   "pk": 2375,
   "fields": {
      "order": 795,
      "price": "8.00",
      "billable_flag": true,
      "size": "L",
      "order_item_type": "B component",
      "remark": "",
      "total_quantity": 1,
      "free_quantity": 0,
      "component_group": "main_dish"
   }
},
{
   "model": "order.order_item",
   "pk": 2376,
   "fields": {
      "order": 795,
      "price": "0.00",
      "billable_flag": true,
      "size": "L",
      "order_item_type": "B component",
      "remark": "",
      "total_quantity": 1,
      "free_quantity": 1,
      "component_group": "compote"
   }
},
{
   "model": "order.order_item",
   "pk": 2377,
   "fields": {
      "order": 796,
      "price": "8.00",
      "billable_flag": true,
      "size": "R",
      "order_item_type": "B component",
      "remark": "",
      "total_quantity": 1,
      "free_quantity": 0,
      "component_group": "main_dish"
   }
},
{
   "model": "order.order_item",
   "pk": 2378,
   "fields": {
      "order": 796,
      "price": "0.00",
      "billable_flag": true,
      "size": "R",
      "order_item_type": "B component",
      "remark": "",
      "total_quantity": 1,
      "free_quantity": 1,
      "component_group": "compote"
   }
},
{
   "model": "order.order_item",
   "pk": 2379,
   "fields": {
      "order": 797,
      "price": "8.00",
      "billable_flag": true,
      "size": "R",
      "order_item_type": "B component",
      "remark": "",
      "total_quantity": 1,
      "free_quantity": 0,
      "component_group": "main_dish"
   }
},
{
   "model": "order.order_item",
   "pk": 2380,
   "fields": {
      "order": 797,
      "price": "0.00",
      "billable_flag": true,
      "size": "R",
      "order_item_type": "B component",
      "remark": "",
      "total_quantity": 1,
      "free_quantity": 1,
      "component_group": "compote"
   }
},
{
   "model": "order.order_item",
   "pk": 2413,
   "fields": {
      "order": 812,
      "price": "16.00",
      "billable_flag": true,
      "size": "L",
      "order_item_type": "B component",
      "remark": "",
      "total_quantity": 2,
      "free_quantity": 0,
      "component_group": "main_dish"
   }
},
{
   "model": "order.order_item",
   "pk": 2414,
   "fields": {
      "order": 812,
      "price": "0.00",
      "billable_flag": true,
      "size": "L",
      "order_item_type": "B component",
      "remark": "",
      "total_quantity": 1,
      "free_quantity": 1,
      "component_group": "dessert"
   }
},
{
   "model": "order.order_item",
   "pk": 2415,
   "fields": {
      "order": 812,
      "price": "0.00",
      "billable_flag": true,
      "size": "L",
      "order_item_type": "B component",
      "remark": "",
      "total_quantity": 1,
      "free_quantity": 1,
      "component_group": "green_salad"
   }
},
{
   "model": "order.order_item",
   "pk": 2416,
   "fields": {
      "order": 812,
      "price": "1.00",
      "billable_flag": true,
      "size": "L",
      "order_item_type": "B component",
      "remark": "",
      "total_quantity": 1,
      "free_quantity": 0,
      "component_group": "pudding"
   }
},
{
   "model": "order.order_item",
   "pk": 2417,
   "fields": {
      "order": 813,
      "price": "8.00",
      "billable_flag": true,
      "size": "R",
      "order_item_type": "B component",
      "remark": "",
      "total_quantity": 1,
      "free_quantity": 0,
      "component_group": "main_dish"
   }
},
{
   "model": "order.order_item",
   "pk": 2418,
   "fields": {
      "order": 813,
      "price": "0.00",
      "billable_flag": true,
      "size": "R",
      "order_item_type": "B component",
      "remark": "",
      "total_quantity": 1,
      "free_quantity": 1,
      "component_group": "dessert"
   }
},
{
   "model": "order.order_item",
   "pk": 2419,
   "fields": {
      "order": 814,
      "price": "16.00",
      "billable_flag": true,
      "size": "R",
      "order_item_type": "B component",
      "remark": "",
      "total_quantity": 2,
      "free_quantity": 0,
      "component_group": "main_dish"
   }
},
{
   "model": "order.order_item",
   "pk": 2420,
   "fields": {
      "order": 814,
      "price": "0.00",
      "billable_flag": true,
      "size": "R",
      "order_item_type": "B component",
      "remark": "",
      "total_quantity": 2,
      "free_quantity": 2,
      "component_group": "green_salad"
   }
},
{
   "model": "order.order_item",
   "pk": 2421,
   "fields": {
      "order": 815,
      "price": "8.00",
      "billable_flag": true,
      "size": "L",
      "order_item_type": "B component",
      "remark": "",
      "total_quantity": 1,
      "free_quantity": 0,
      "component_group": "main_dish"
   }
},
{
   "model": "order.order_item",
   "pk": 2422,
   "fields": {
      "order": 815,
      "price": "0.00",
      "billable_flag": true,
      "size": "L",
      "order_item_type": "B component",
      "remark": "",
      "total_quantity": 1,
      "free_quantity": 1,
      "component_group": "compote"
   }
},
{
   "model": "order.order_item",
   "pk": 2423,
   "fields": {
      "order": 816,
      "price": "8.00",
      "billable_flag": true,
      "size": "L",
      "order_item_type": "B component",
      "remark": "",
      "total_quantity": 1,
      "free_quantity": 0,
      "component_group": "main_dish"
   }
},
{
   "model": "order.order_item",
   "pk": 2424,
   "fields": {
      "order": 816,
      "price": "0.00",
      "billable_flag": true,
      "size": "L",
      "order_item_type": "B component",
      "remark": "",
      "total_quantity": 1,
      "free_quantity": 1,
      "component_group": "compote"
   }
},
{
   "model": "order.order_item",
   "pk": 2425,
   "fields": {
      "order": 817,
      "price": "8.00",
      "billable_flag": true,
      "size": "R",
      "order_item_type": "B component",
      "remark": "",
      "total_quantity": 1,
      "free_quantity": 0,
      "component_group": "main_dish"
   }
},
{
   "model": "order.order_item",
   "pk": 2426,
   "fields": {
      "order": 817,
      "price": "0.00",
      "billable_flag": true,
      "size": "R",
      "order_item_type": "B component",
      "remark": "",
      "total_quantity": 1,
      "free_quantity": 1,
      "component_group": "compote"
   }
},
{
   "model": "order.order_item",
   "pk": 2427,
   "fields": {
      "order": 818,
      "price": "8.00",
      "billable_flag": true,
      "size": "R",
      "order_item_type": "B component",
      "remark": "",
      "total_quantity": 1,
      "free_quantity": 0,
      "component_group": "main_dish"
   }
},
{
   "model": "order.order_item",
   "pk": 2428,
   "fields": {
      "order": 818,
      "price": "0.00",
      "billable_flag": true,
      "size": "R",
      "order_item_type": "B component",
      "remark": "",
      "total_quantity": 1,
      "free_quantity": 1,
      "component_group": "compote"
   }
},
{
   "model": "order.order_item",
   "pk": 2429,
   "fields": {
      "order": 819,
      "price": "16.00",
      "billable_flag": true,
      "size": "L",
      "order_item_type": "B component",
      "remark": "",
      "total_quantity": 2,
      "free_quantity": 0,
      "component_group": "main_dish"
   }
},
{
   "model": "order.order_item",
   "pk": 2430,
   "fields": {
      "order": 819,
      "price": "0.00",
      "billable_flag": true,
      "size": "L",
      "order_item_type": "B component",
      "remark": "",
      "total_quantity": 1,
      "free_quantity": 1,
      "component_group": "dessert"
   }
},
{
   "model": "order.order_item",
   "pk": 2431,
   "fields": {
      "order": 819,
      "price": "0.00",
      "billable_flag": true,
      "size": "L",
      "order_item_type": "B component",
      "remark": "",
      "total_quantity": 1,
      "free_quantity": 1,
      "component_group": "green_salad"
   }
},
{
   "model": "order.order_item",
   "pk": 2432,
   "fields": {
      "order": 819,
      "price": "1.00",
      "billable_flag": true,
      "size": "L",
      "order_item_type": "B component",
      "remark": "",
      "total_quantity": 1,
      "free_quantity": 0,
      "component_group": "pudding"
   }
},
{
   "model": "order.order_item",
   "pk": 2433,
   "fields": {
      "order": 820,
      "price": "8.00",
      "billable_flag": true,
      "size": "R",
      "order_item_type": "B component",
      "remark": "",
      "total_quantity": 1,
      "free_quantity": 0,
      "component_group": "main_dish"
   }
},
{
   "model": "order.order_item",
   "pk": 2434,
   "fields": {
      "order": 820,
      "price": "0.00",
      "billable_flag": true,
      "size": "R",
      "order_item_type": "B component",
      "remark": "",
      "total_quantity": 1,
      "free_quantity": 1,
      "component_group": "dessert"
   }
},
{
   "model": "order.order_item",
   "pk": 2435,
   "fields": {
      "order": 821,
      "price": "16.00",
      "billable_flag": true,
      "size": "R",
      "order_item_type": "B component",
      "remark": "",
      "total_quantity": 2,
      "free_quantity": 0,
      "component_group": "main_dish"
   }
},
{
   "model": "order.order_item",
   "pk": 2436,
   "fields": {
      "order": 821,
      "price": "0.00",
      "billable_flag": true,
      "size": "R",
      "order_item_type": "B component",
      "remark": "",
      "total_quantity": 2,
      "free_quantity": 2,
      "component_group": "green_salad"
   }
},
{
   "model": "order.order_item",
   "pk": 2437,
   "fields": {
      "order": 822,
      "price": "8.00",
      "billable_flag": true,
      "size": "L",
      "order_item_type": "B component",
      "remark": "",
      "total_quantity": 1,
      "free_quantity": 0,
      "component_group": "main_dish"
   }
},
{
   "model": "order.order_item",
   "pk": 2438,
   "fields": {
      "order": 822,
      "price": "0.00",
      "billable_flag": true,
      "size": "L",
      "order_item_type": "B component",
      "remark": "",
      "total_quantity": 1,
      "free_quantity": 1,
      "component_group": "compote"
   }
},
{
   "model": "order.order_item",
   "pk": 2439,
   "fields": {
      "order": 823,
      "price": "8.00",
      "billable_flag": true,
      "size": "L",
      "order_item_type": "B component",
      "remark": "",
      "total_quantity": 1,
      "free_quantity": 0,
      "component_group": "main_dish"
   }
},
{
   "model": "order.order_item",
   "pk": 2440,
   "fields": {
      "order": 823,
      "price": "0.00",
      "billable_flag": true,
      "size": "L",
      "order_item_type": "B component",
      "remark": "",
      "total_quantity": 1,
      "free_quantity": 1,
      "component_group": "compote"
   }
},
{
   "model": "order.order_item",
   "pk": 2441,
   "fields": {
      "order": 824,
      "price": "8.00",
      "billable_flag": true,
      "size": "R",
      "order_item_type": "B component",
      "remark": "",
      "total_quantity": 1,
      "free_quantity": 0,
      "component_group": "main_dish"
   }
},
{
   "model": "order.order_item",
   "pk": 2442,
   "fields": {
      "order": 824,
      "price": "0.00",
      "billable_flag": true,
      "size": "R",
      "order_item_type": "B component",
      "remark": "",
      "total_quantity": 1,
      "free_quantity": 1,
      "component_group": "compote"
   }
},
{
   "model": "order.order_item",
   "pk": 2443,
   "fields": {
      "order": 825,
      "price": "8.00",
      "billable_flag": true,
      "size": "R",
      "order_item_type": "B component",
      "remark": "",
      "total_quantity": 1,
      "free_quantity": 0,
      "component_group": "main_dish"
   }
},
{
   "model": "order.order_item",
   "pk": 2444,
   "fields": {
      "order": 825,
      "price": "0.00",
      "billable_flag": true,
      "size": "R",
      "order_item_type": "B component",
      "remark": "",
      "total_quantity": 1,
      "free_quantity": 1,
      "component_group": "compote"
   }
},
{
   "model": "order.order_item",
   "pk": 2445,
   "fields": {
      "order": 826,
      "price": "16.00",
      "billable_flag": true,
      "size": "L",
      "order_item_type": "B component",
      "remark": "",
      "total_quantity": 2,
      "free_quantity": 0,
      "component_group": "main_dish"
   }
},
{
   "model": "order.order_item",
   "pk": 2446,
   "fields": {
      "order": 826,
      "price": "0.00",
      "billable_flag": true,
      "size": "L",
      "order_item_type": "B component",
      "remark": "",
      "total_quantity": 1,
      "free_quantity": 1,
      "component_group": "dessert"
   }
},
{
   "model": "order.order_item",
   "pk": 2447,
   "fields": {
      "order": 826,
      "price": "0.00",
      "billable_flag": true,
      "size": "L",
      "order_item_type": "B component",
      "remark": "",
      "total_quantity": 1,
      "free_quantity": 1,
      "component_group": "green_salad"
   }
},
{
   "model": "order.order_item",
   "pk": 2448,
   "fields": {
      "order": 826,
      "price": "1.00",
      "billable_flag": true,
      "size": "L",
      "order_item_type": "B component",
      "remark": "",
      "total_quantity": 1,
      "free_quantity": 0,
      "component_group": "pudding"
   }
},
{
   "model": "order.order_item",
   "pk": 2449,
   "fields": {
      "order": 827,
      "price": "8.00",
      "billable_flag": true,
      "size": "R",
      "order_item_type": "B component",
      "remark": "",
      "total_quantity": 1,
      "free_quantity": 0,
      "component_group": "main_dish"
   }
},
{
   "model": "order.order_item",
   "pk": 2450,
   "fields": {
      "order": 827,
      "price": "0.00",
      "billable_flag": true,
      "size": "R",
      "order_item_type": "B component",
      "remark": "",
      "total_quantity": 1,
      "free_quantity": 1,
      "component_group": "dessert"
   }
},
{
   "model": "order.order_item",
   "pk": 2451,
   "fields": {
      "order": 828,
      "price": "16.00",
      "billable_flag": true,
      "size": "R",
      "order_item_type": "B component",
      "remark": "",
      "total_quantity": 2,
      "free_quantity": 0,
      "component_group": "main_dish"
   }
},
{
   "model": "order.order_item",
   "pk": 2452,
   "fields": {
      "order": 828,
      "price": "0.00",
      "billable_flag": true,
      "size": "R",
      "order_item_type": "B component",
      "remark": "",
      "total_quantity": 2,
      "free_quantity": 2,
      "component_group": "green_salad"
   }
},
{
   "model": "order.order_item",
   "pk": 2453,
   "fields": {
      "order": 829,
      "price": "8.00",
      "billable_flag": true,
      "size": "L",
      "order_item_type": "B component",
      "remark": "",
      "total_quantity": 1,
      "free_quantity": 0,
      "component_group": "main_dish"
   }
},
{
   "model": "order.order_item",
   "pk": 2454,
   "fields": {
      "order": 829,
      "price": "0.00",
      "billable_flag": true,
      "size": "L",
      "order_item_type": "B component",
      "remark": "",
      "total_quantity": 1,
      "free_quantity": 1,
      "component_group": "compote"
   }
},
{
   "model": "order.order_item",
   "pk": 2455,
   "fields": {
      "order": 830,
      "price": "8.00",
      "billable_flag": true,
      "size": "L",
      "order_item_type": "B component",
      "remark": "",
      "total_quantity": 1,
      "free_quantity": 0,
      "component_group": "main_dish"
   }
},
{
   "model": "order.order_item",
   "pk": 2456,
   "fields": {
      "order": 830,
      "price": "0.00",
      "billable_flag": true,
      "size": "L",
      "order_item_type": "B component",
      "remark": "",
      "total_quantity": 1,
      "free_quantity": 1,
      "component_group": "compote"
   }
},
{
   "model": "order.order_item",
   "pk": 2457,
   "fields": {
      "order": 831,
      "price": "8.00",
      "billable_flag": true,
      "size": "R",
      "order_item_type": "B component",
      "remark": "",
      "total_quantity": 1,
      "free_quantity": 0,
      "component_group": "main_dish"
   }
},
{
   "model": "order.order_item",
   "pk": 2458,
   "fields": {
      "order": 831,
      "price": "0.00",
      "billable_flag": true,
      "size": "R",
      "order_item_type": "B component",
      "remark": "",
      "total_quantity": 1,
      "free_quantity": 1,
      "component_group": "compote"
   }
},
{
   "model": "order.order_item",
   "pk": 2459,
   "fields": {
      "order": 832,
      "price": "8.00",
      "billable_flag": true,
      "size": "R",
      "order_item_type": "B component",
      "remark": "",
      "total_quantity": 1,
      "free_quantity": 0,
      "component_group": "main_dish"
   }
},
{
   "model": "order.order_item",
   "pk": 2460,
   "fields": {
      "order": 832,
      "price": "0.00",
      "billable_flag": true,
      "size": "R",
      "order_item_type": "B component",
      "remark": "",
      "total_quantity": 1,
      "free_quantity": 1,
      "component_group": "compote"
   }
},
{
   "model": "order.order_item",
   "pk": 2461,
   "fields": {
      "order": 833,
      "price": "16.00",
      "billable_flag": true,
      "size": "L",
      "order_item_type": "B component",
      "remark": "",
      "total_quantity": 2,
      "free_quantity": 0,
      "component_group": "main_dish"
   }
},
{
   "model": "order.order_item",
   "pk": 2462,
   "fields": {
      "order": 833,
      "price": "0.00",
      "billable_flag": true,
      "size": "L",
      "order_item_type": "B component",
      "remark": "",
      "total_quantity": 1,
      "free_quantity": 1,
      "component_group": "dessert"
   }
},
{
   "model": "order.order_item",
   "pk": 2463,
   "fields": {
      "order": 833,
      "price": "0.00",
      "billable_flag": true,
      "size": "L",
      "order_item_type": "B component",
      "remark": "",
      "total_quantity": 1,
      "free_quantity": 1,
      "component_group": "green_salad"
   }
},
{
   "model": "order.order_item",
   "pk": 2464,
   "fields": {
      "order": 833,
      "price": "1.00",
      "billable_flag": true,
      "size": "L",
      "order_item_type": "B component",
      "remark": "",
      "total_quantity": 1,
      "free_quantity": 0,
      "component_group": "pudding"
   }
},
{
   "model": "order.order_item",
   "pk": 2465,
   "fields": {
      "order": 834,
      "price": "8.00",
      "billable_flag": true,
      "size": "R",
      "order_item_type": "B component",
      "remark": "",
      "total_quantity": 1,
      "free_quantity": 0,
      "component_group": "main_dish"
   }
},
{
   "model": "order.order_item",
   "pk": 2466,
   "fields": {
      "order": 834,
      "price": "0.00",
      "billable_flag": true,
      "size": "R",
      "order_item_type": "B component",
      "remark": "",
      "total_quantity": 1,
      "free_quantity": 1,
      "component_group": "dessert"
   }
},
{
   "model": "order.order_item",
   "pk": 2467,
   "fields": {
      "order": 835,
      "price": "16.00",
      "billable_flag": true,
      "size": "R",
      "order_item_type": "B component",
      "remark": "",
      "total_quantity": 2,
      "free_quantity": 0,
      "component_group": "main_dish"
   }
},
{
   "model": "order.order_item",
   "pk": 2468,
   "fields": {
      "order": 835,
      "price": "0.00",
      "billable_flag": true,
      "size": "R",
      "order_item_type": "B component",
      "remark": "",
      "total_quantity": 2,
      "free_quantity": 2,
      "component_group": "green_salad"
   }
},
{
   "model": "order.order_item",
   "pk": 2469,
   "fields": {
      "order": 836,
      "price": "8.00",
      "billable_flag": true,
      "size": "L",
      "order_item_type": "B component",
      "remark": "",
      "total_quantity": 1,
      "free_quantity": 0,
      "component_group": "main_dish"
   }
},
{
   "model": "order.order_item",
   "pk": 2470,
   "fields": {
      "order": 836,
      "price": "0.00",
      "billable_flag": true,
      "size": "L",
      "order_item_type": "B component",
      "remark": "",
      "total_quantity": 1,
      "free_quantity": 1,
      "component_group": "compote"
   }
},
{
   "model": "order.order_item",
   "pk": 2471,
   "fields": {
      "order": 837,
      "price": "8.00",
      "billable_flag": true,
      "size": "L",
      "order_item_type": "B component",
      "remark": "",
      "total_quantity": 1,
      "free_quantity": 0,
      "component_group": "main_dish"
   }
},
{
   "model": "order.order_item",
   "pk": 2472,
   "fields": {
      "order": 837,
      "price": "0.00",
      "billable_flag": true,
      "size": "L",
      "order_item_type": "B component",
      "remark": "",
      "total_quantity": 1,
      "free_quantity": 1,
      "component_group": "compote"
   }
},
{
   "model": "order.order_item",
   "pk": 2473,
   "fields": {
      "order": 838,
      "price": "8.00",
      "billable_flag": true,
      "size": "R",
      "order_item_type": "B component",
      "remark": "",
      "total_quantity": 1,
      "free_quantity": 0,
      "component_group": "main_dish"
   }
},
{
   "model": "order.order_item",
   "pk": 2474,
   "fields": {
      "order": 838,
      "price": "0.00",
      "billable_flag": true,
      "size": "R",
      "order_item_type": "B component",
      "remark": "",
      "total_quantity": 1,
      "free_quantity": 1,
      "component_group": "compote"
   }
},
{
   "model": "order.order_item",
   "pk": 2475,
   "fields": {
      "order": 839,
      "price": "8.00",
      "billable_flag": true,
      "size": "R",
      "order_item_type": "B component",
      "remark": "",
      "total_quantity": 1,
      "free_quantity": 0,
      "component_group": "main_dish"
   }
},
{
   "model": "order.order_item",
   "pk": 2476,
   "fields": {
      "order": 839,
      "price": "0.00",
      "billable_flag": true,
      "size": "R",
      "order_item_type": "B component",
      "remark": "",
      "total_quantity": 1,
      "free_quantity": 1,
      "component_group": "compote"
   }
},
{
   "model": "order.order_item",
   "pk": 2477,
   "fields": {
      "order": 840,
      "price": "16.00",
      "billable_flag": true,
      "size": "L",
      "order_item_type": "B component",
      "remark": "",
      "total_quantity": 2,
      "free_quantity": 0,
      "component_group": "main_dish"
   }
},
{
   "model": "order.order_item",
   "pk": 2478,
   "fields": {
      "order": 840,
      "price": "0.00",
      "billable_flag": true,
      "size": "L",
      "order_item_type": "B component",
      "remark": "",
      "total_quantity": 1,
      "free_quantity": 1,
      "component_group": "dessert"
   }
},
{
   "model": "order.order_item",
   "pk": 2479,
   "fields": {
      "order": 840,
      "price": "0.00",
      "billable_flag": true,
      "size": "L",
      "order_item_type": "B component",
      "remark": "",
      "total_quantity": 1,
      "free_quantity": 1,
      "component_group": "green_salad"
   }
},
{
   "model": "order.order_item",
   "pk": 2480,
   "fields": {
      "order": 840,
      "price": "1.00",
      "billable_flag": true,
      "size": "L",
      "order_item_type": "B component",
      "remark": "",
      "total_quantity": 1,
      "free_quantity": 0,
      "component_group": "pudding"
   }
},
{
   "model": "order.order_item",
   "pk": 2481,
   "fields": {
      "order": 841,
      "price": "8.00",
      "billable_flag": true,
      "size": "R",
      "order_item_type": "B component",
      "remark": "",
      "total_quantity": 1,
      "free_quantity": 0,
      "component_group": "main_dish"
   }
},
{
   "model": "order.order_item",
   "pk": 2482,
   "fields": {
      "order": 841,
      "price": "0.00",
      "billable_flag": true,
      "size": "R",
      "order_item_type": "B component",
      "remark": "",
      "total_quantity": 1,
      "free_quantity": 1,
      "component_group": "dessert"
   }
},
{
   "model": "order.order_item",
   "pk": 2483,
   "fields": {
      "order": 842,
      "price": "16.00",
      "billable_flag": true,
      "size": "R",
      "order_item_type": "B component",
      "remark": "",
      "total_quantity": 2,
      "free_quantity": 0,
      "component_group": "main_dish"
   }
},
{
   "model": "order.order_item",
   "pk": 2484,
   "fields": {
      "order": 842,
      "price": "0.00",
      "billable_flag": true,
      "size": "R",
      "order_item_type": "B component",
      "remark": "",
      "total_quantity": 2,
      "free_quantity": 2,
      "component_group": "green_salad"
   }
},
{
   "model": "order.order_item",
   "pk": 2485,
   "fields": {
      "order": 843,
      "price": "8.00",
      "billable_flag": true,
      "size": "L",
      "order_item_type": "B component",
      "remark": "",
      "total_quantity": 1,
      "free_quantity": 0,
      "component_group": "main_dish"
   }
},
{
   "model": "order.order_item",
   "pk": 2486,
   "fields": {
      "order": 843,
      "price": "0.00",
      "billable_flag": true,
      "size": "L",
      "order_item_type": "B component",
      "remark": "",
      "total_quantity": 1,
      "free_quantity": 1,
      "component_group": "compote"
   }
},
{
   "model": "order.order_item",
   "pk": 2487,
   "fields": {
      "order": 844,
      "price": "8.00",
      "billable_flag": true,
      "size": "L",
      "order_item_type": "B component",
      "remark": "",
      "total_quantity": 1,
      "free_quantity": 0,
      "component_group": "main_dish"
   }
},
{
   "model": "order.order_item",
   "pk": 2488,
   "fields": {
      "order": 844,
      "price": "0.00",
      "billable_flag": true,
      "size": "L",
      "order_item_type": "B component",
      "remark": "",
      "total_quantity": 1,
      "free_quantity": 1,
      "component_group": "compote"
   }
},
{
   "model": "order.order_item",
   "pk": 2489,
   "fields": {
      "order": 845,
      "price": "8.00",
      "billable_flag": true,
      "size": "R",
      "order_item_type": "B component",
      "remark": "",
      "total_quantity": 1,
      "free_quantity": 0,
      "component_group": "main_dish"
   }
},
{
   "model": "order.order_item",
   "pk": 2490,
   "fields": {
      "order": 845,
      "price": "0.00",
      "billable_flag": true,
      "size": "R",
      "order_item_type": "B component",
      "remark": "",
      "total_quantity": 1,
      "free_quantity": 1,
      "component_group": "compote"
   }
},
{
   "model": "order.order_item",
   "pk": 2491,
   "fields": {
      "order": 846,
      "price": "8.00",
      "billable_flag": true,
      "size": "R",
      "order_item_type": "B component",
      "remark": "",
      "total_quantity": 1,
      "free_quantity": 0,
      "component_group": "main_dish"
   }
},
{
   "model": "order.order_item",
   "pk": 2492,
   "fields": {
      "order": 846,
      "price": "0.00",
      "billable_flag": true,
      "size": "R",
      "order_item_type": "B component",
      "remark": "",
      "total_quantity": 1,
      "free_quantity": 1,
      "component_group": "compote"
   }
},
{
   "model": "order.order_item",
   "pk": 2509,
   "fields": {
      "order": 854,
      "price": "16.00",
      "billable_flag": true,
      "size": "L",
      "order_item_type": "B component",
      "remark": "",
      "total_quantity": 2,
      "free_quantity": 0,
      "component_group": "main_dish"
   }
},
{
   "model": "order.order_item",
   "pk": 2510,
   "fields": {
      "order": 854,
      "price": "0.00",
      "billable_flag": true,
      "size": "L",
      "order_item_type": "B component",
      "remark": "",
      "total_quantity": 1,
      "free_quantity": 1,
      "component_group": "dessert"
   }
},
{
   "model": "order.order_item",
   "pk": 2511,
   "fields": {
      "order": 854,
      "price": "0.00",
      "billable_flag": true,
      "size": "L",
      "order_item_type": "B component",
      "remark": "",
      "total_quantity": 1,
      "free_quantity": 1,
      "component_group": "green_salad"
   }
},
{
   "model": "order.order_item",
   "pk": 2512,
   "fields": {
      "order": 854,
      "price": "1.00",
      "billable_flag": true,
      "size": "L",
      "order_item_type": "B component",
      "remark": "",
      "total_quantity": 1,
      "free_quantity": 0,
      "component_group": "pudding"
   }
},
{
   "model": "order.order_item",
   "pk": 2513,
   "fields": {
      "order": 855,
      "price": "8.00",
      "billable_flag": true,
      "size": "R",
      "order_item_type": "B component",
      "remark": "",
      "total_quantity": 1,
      "free_quantity": 0,
      "component_group": "main_dish"
   }
},
{
   "model": "order.order_item",
   "pk": 2514,
   "fields": {
      "order": 855,
      "price": "0.00",
      "billable_flag": true,
      "size": "R",
      "order_item_type": "B component",
      "remark": "",
      "total_quantity": 1,
      "free_quantity": 1,
      "component_group": "dessert"
   }
},
{
   "model": "order.order_item",
   "pk": 2515,
   "fields": {
      "order": 856,
      "price": "16.00",
      "billable_flag": true,
      "size": "R",
      "order_item_type": "B component",
      "remark": "",
      "total_quantity": 2,
      "free_quantity": 0,
      "component_group": "main_dish"
   }
},
{
   "model": "order.order_item",
   "pk": 2516,
   "fields": {
      "order": 856,
      "price": "0.00",
      "billable_flag": true,
      "size": "R",
      "order_item_type": "B component",
      "remark": "",
      "total_quantity": 2,
      "free_quantity": 2,
      "component_group": "green_salad"
   }
},
{
   "model": "order.order_item",
   "pk": 2517,
   "fields": {
      "order": 857,
      "price": "8.00",
      "billable_flag": true,
      "size": "L",
      "order_item_type": "B component",
      "remark": "",
      "total_quantity": 1,
      "free_quantity": 0,
      "component_group": "main_dish"
   }
},
{
   "model": "order.order_item",
   "pk": 2518,
   "fields": {
      "order": 857,
      "price": "0.00",
      "billable_flag": true,
      "size": "L",
      "order_item_type": "B component",
      "remark": "",
      "total_quantity": 1,
      "free_quantity": 1,
      "component_group": "compote"
   }
},
{
   "model": "order.order_item",
   "pk": 2519,
   "fields": {
      "order": 858,
      "price": "8.00",
      "billable_flag": true,
      "size": "L",
      "order_item_type": "B component",
      "remark": "",
      "total_quantity": 1,
      "free_quantity": 0,
      "component_group": "main_dish"
   }
},
{
   "model": "order.order_item",
   "pk": 2520,
   "fields": {
      "order": 858,
      "price": "0.00",
      "billable_flag": true,
      "size": "L",
      "order_item_type": "B component",
      "remark": "",
      "total_quantity": 1,
      "free_quantity": 1,
      "component_group": "compote"
   }
},
{
   "model": "order.order_item",
   "pk": 2521,
   "fields": {
      "order": 859,
      "price": "8.00",
      "billable_flag": true,
      "size": "R",
      "order_item_type": "B component",
      "remark": "",
      "total_quantity": 1,
      "free_quantity": 0,
      "component_group": "main_dish"
   }
},
{
   "model": "order.order_item",
   "pk": 2522,
   "fields": {
      "order": 859,
      "price": "0.00",
      "billable_flag": true,
      "size": "R",
      "order_item_type": "B component",
      "remark": "",
      "total_quantity": 1,
      "free_quantity": 1,
      "component_group": "compote"
   }
},
{
   "model": "order.order_item",
   "pk": 2523,
   "fields": {
      "order": 860,
      "price": "8.00",
      "billable_flag": true,
      "size": "R",
      "order_item_type": "B component",
      "remark": "",
      "total_quantity": 1,
      "free_quantity": 0,
      "component_group": "main_dish"
   }
},
{
   "model": "order.order_item",
   "pk": 2524,
   "fields": {
      "order": 860,
      "price": "0.00",
      "billable_flag": true,
      "size": "R",
      "order_item_type": "B component",
      "remark": "",
      "total_quantity": 1,
      "free_quantity": 1,
      "component_group": "compote"
   }
},
{
   "model": "order.order_item",
   "pk": 2525,
   "fields": {
      "order": 861,
      "price": "16.00",
      "billable_flag": true,
      "size": "L",
      "order_item_type": "B component",
      "remark": "",
      "total_quantity": 2,
      "free_quantity": 0,
      "component_group": "main_dish"
   }
},
{
   "model": "order.order_item",
   "pk": 2526,
   "fields": {
      "order": 861,
      "price": "0.00",
      "billable_flag": true,
      "size": "L",
      "order_item_type": "B component",
      "remark": "",
      "total_quantity": 1,
      "free_quantity": 1,
      "component_group": "dessert"
   }
},
{
   "model": "order.order_item",
   "pk": 2527,
   "fields": {
      "order": 861,
      "price": "0.00",
      "billable_flag": true,
      "size": "L",
      "order_item_type": "B component",
      "remark": "",
      "total_quantity": 1,
      "free_quantity": 1,
      "component_group": "green_salad"
   }
},
{
   "model": "order.order_item",
   "pk": 2528,
   "fields": {
      "order": 861,
      "price": "1.00",
      "billable_flag": true,
      "size": "L",
      "order_item_type": "B component",
      "remark": "",
      "total_quantity": 1,
      "free_quantity": 0,
      "component_group": "pudding"
   }
},
{
   "model": "order.order_item",
   "pk": 2529,
   "fields": {
      "order": 862,
      "price": "8.00",
      "billable_flag": true,
      "size": "R",
      "order_item_type": "B component",
      "remark": "",
      "total_quantity": 1,
      "free_quantity": 0,
      "component_group": "main_dish"
   }
},
{
   "model": "order.order_item",
   "pk": 2530,
   "fields": {
      "order": 862,
      "price": "0.00",
      "billable_flag": true,
      "size": "R",
      "order_item_type": "B component",
      "remark": "",
      "total_quantity": 1,
      "free_quantity": 1,
      "component_group": "dessert"
   }
},
{
   "model": "order.order_item",
   "pk": 2531,
   "fields": {
      "order": 863,
      "price": "16.00",
      "billable_flag": true,
      "size": "R",
      "order_item_type": "B component",
      "remark": "",
      "total_quantity": 2,
      "free_quantity": 0,
      "component_group": "main_dish"
   }
},
{
   "model": "order.order_item",
   "pk": 2532,
   "fields": {
      "order": 863,
      "price": "0.00",
      "billable_flag": true,
      "size": "R",
      "order_item_type": "B component",
      "remark": "",
      "total_quantity": 2,
      "free_quantity": 2,
      "component_group": "green_salad"
   }
},
{
   "model": "order.order_item",
   "pk": 2533,
   "fields": {
      "order": 864,
      "price": "8.00",
      "billable_flag": true,
      "size": "L",
      "order_item_type": "B component",
      "remark": "",
      "total_quantity": 1,
      "free_quantity": 0,
      "component_group": "main_dish"
   }
},
{
   "model": "order.order_item",
   "pk": 2534,
   "fields": {
      "order": 864,
      "price": "0.00",
      "billable_flag": true,
      "size": "L",
      "order_item_type": "B component",
      "remark": "",
      "total_quantity": 1,
      "free_quantity": 1,
      "component_group": "compote"
   }
},
{
   "model": "order.order_item",
   "pk": 2535,
   "fields": {
      "order": 865,
      "price": "8.00",
      "billable_flag": true,
      "size": "L",
      "order_item_type": "B component",
      "remark": "",
      "total_quantity": 1,
      "free_quantity": 0,
      "component_group": "main_dish"
   }
},
{
   "model": "order.order_item",
   "pk": 2536,
   "fields": {
      "order": 865,
      "price": "0.00",
      "billable_flag": true,
      "size": "L",
      "order_item_type": "B component",
      "remark": "",
      "total_quantity": 1,
      "free_quantity": 1,
      "component_group": "compote"
   }
},
{
   "model": "order.order_item",
   "pk": 2537,
   "fields": {
      "order": 866,
      "price": "8.00",
      "billable_flag": true,
      "size": "R",
      "order_item_type": "B component",
      "remark": "",
      "total_quantity": 1,
      "free_quantity": 0,
      "component_group": "main_dish"
   }
},
{
   "model": "order.order_item",
   "pk": 2538,
   "fields": {
      "order": 866,
      "price": "0.00",
      "billable_flag": true,
      "size": "R",
      "order_item_type": "B component",
      "remark": "",
      "total_quantity": 1,
      "free_quantity": 1,
      "component_group": "compote"
   }
},
{
   "model": "order.order_item",
   "pk": 2539,
   "fields": {
      "order": 867,
      "price": "8.00",
      "billable_flag": true,
      "size": "R",
      "order_item_type": "B component",
      "remark": "",
      "total_quantity": 1,
      "free_quantity": 0,
      "component_group": "main_dish"
   }
},
{
   "model": "order.order_item",
   "pk": 2540,
   "fields": {
      "order": 867,
      "price": "0.00",
      "billable_flag": true,
      "size": "R",
      "order_item_type": "B component",
      "remark": "",
      "total_quantity": 1,
      "free_quantity": 1,
      "component_group": "compote"
   }
},
{
   "model": "order.order_item",
   "pk": 2541,
   "fields": {
      "order": 868,
      "price": "16.00",
      "billable_flag": true,
      "size": "L",
      "order_item_type": "B component",
      "remark": "",
      "total_quantity": 2,
      "free_quantity": 0,
      "component_group": "main_dish"
   }
},
{
   "model": "order.order_item",
   "pk": 2542,
   "fields": {
      "order": 868,
      "price": "0.00",
      "billable_flag": true,
      "size": "L",
      "order_item_type": "B component",
      "remark": "",
      "total_quantity": 1,
      "free_quantity": 1,
      "component_group": "dessert"
   }
},
{
   "model": "order.order_item",
   "pk": 2543,
   "fields": {
      "order": 868,
      "price": "0.00",
      "billable_flag": true,
      "size": "L",
      "order_item_type": "B component",
      "remark": "",
      "total_quantity": 1,
      "free_quantity": 1,
      "component_group": "green_salad"
   }
},
{
   "model": "order.order_item",
   "pk": 2544,
   "fields": {
      "order": 868,
      "price": "1.00",
      "billable_flag": true,
      "size": "L",
      "order_item_type": "B component",
      "remark": "",
      "total_quantity": 1,
      "free_quantity": 0,
      "component_group": "pudding"
   }
},
{
   "model": "order.order_item",
   "pk": 2545,
   "fields": {
      "order": 869,
      "price": "8.00",
      "billable_flag": true,
      "size": "R",
      "order_item_type": "B component",
      "remark": "",
      "total_quantity": 1,
      "free_quantity": 0,
      "component_group": "main_dish"
   }
},
{
   "model": "order.order_item",
   "pk": 2546,
   "fields": {
      "order": 869,
      "price": "0.00",
      "billable_flag": true,
      "size": "R",
      "order_item_type": "B component",
      "remark": "",
      "total_quantity": 1,
      "free_quantity": 1,
      "component_group": "dessert"
   }
},
{
   "model": "order.order_item",
   "pk": 2547,
   "fields": {
      "order": 870,
      "price": "16.00",
      "billable_flag": true,
      "size": "R",
      "order_item_type": "B component",
      "remark": "",
      "total_quantity": 2,
      "free_quantity": 0,
      "component_group": "main_dish"
   }
},
{
   "model": "order.order_item",
   "pk": 2548,
   "fields": {
      "order": 870,
      "price": "0.00",
      "billable_flag": true,
      "size": "R",
      "order_item_type": "B component",
      "remark": "",
      "total_quantity": 2,
      "free_quantity": 2,
      "component_group": "green_salad"
   }
},
{
   "model": "order.order_item",
   "pk": 2549,
   "fields": {
      "order": 871,
      "price": "8.00",
      "billable_flag": true,
      "size": "L",
      "order_item_type": "B component",
      "remark": "",
      "total_quantity": 1,
      "free_quantity": 0,
      "component_group": "main_dish"
   }
},
{
   "model": "order.order_item",
   "pk": 2550,
   "fields": {
      "order": 871,
      "price": "0.00",
      "billable_flag": true,
      "size": "L",
      "order_item_type": "B component",
      "remark": "",
      "total_quantity": 1,
      "free_quantity": 1,
      "component_group": "compote"
   }
},
{
   "model": "order.order_item",
   "pk": 2551,
   "fields": {
      "order": 872,
      "price": "8.00",
      "billable_flag": true,
      "size": "L",
      "order_item_type": "B component",
      "remark": "",
      "total_quantity": 1,
      "free_quantity": 0,
      "component_group": "main_dish"
   }
},
{
   "model": "order.order_item",
   "pk": 2552,
   "fields": {
      "order": 872,
      "price": "0.00",
      "billable_flag": true,
      "size": "L",
      "order_item_type": "B component",
      "remark": "",
      "total_quantity": 1,
      "free_quantity": 1,
      "component_group": "compote"
   }
},
{
   "model": "order.order_item",
   "pk": 2553,
   "fields": {
      "order": 873,
      "price": "8.00",
      "billable_flag": true,
      "size": "R",
      "order_item_type": "B component",
      "remark": "",
      "total_quantity": 1,
      "free_quantity": 0,
      "component_group": "main_dish"
   }
},
{
   "model": "order.order_item",
   "pk": 2554,
   "fields": {
      "order": 873,
      "price": "0.00",
      "billable_flag": true,
      "size": "R",
      "order_item_type": "B component",
      "remark": "",
      "total_quantity": 1,
      "free_quantity": 1,
      "component_group": "compote"
   }
},
{
   "model": "order.order_item",
   "pk": 2555,
   "fields": {
      "order": 874,
      "price": "8.00",
      "billable_flag": true,
      "size": "R",
      "order_item_type": "B component",
      "remark": "",
      "total_quantity": 1,
      "free_quantity": 0,
      "component_group": "main_dish"
   }
},
{
   "model": "order.order_item",
   "pk": 2556,
   "fields": {
      "order": 874,
      "price": "0.00",
      "billable_flag": true,
      "size": "R",
      "order_item_type": "B component",
      "remark": "",
      "total_quantity": 1,
      "free_quantity": 1,
      "component_group": "compote"
   }
},
{
   "model": "order.order_item",
   "pk": 2557,
   "fields": {
      "order": 875,
      "price": "16.00",
      "billable_flag": true,
      "size": "L",
      "order_item_type": "B component",
      "remark": "",
      "total_quantity": 2,
      "free_quantity": 0,
      "component_group": "main_dish"
   }
},
{
   "model": "order.order_item",
   "pk": 2558,
   "fields": {
      "order": 875,
      "price": "0.00",
      "billable_flag": true,
      "size": "L",
      "order_item_type": "B component",
      "remark": "",
      "total_quantity": 1,
      "free_quantity": 1,
      "component_group": "dessert"
   }
},
{
   "model": "order.order_item",
   "pk": 2559,
   "fields": {
      "order": 875,
      "price": "0.00",
      "billable_flag": true,
      "size": "L",
      "order_item_type": "B component",
      "remark": "",
      "total_quantity": 1,
      "free_quantity": 1,
      "component_group": "green_salad"
   }
},
{
   "model": "order.order_item",
   "pk": 2560,
   "fields": {
      "order": 875,
      "price": "1.00",
      "billable_flag": true,
      "size": "L",
      "order_item_type": "B component",
      "remark": "",
      "total_quantity": 1,
      "free_quantity": 0,
      "component_group": "pudding"
   }
},
{
   "model": "order.order_item",
   "pk": 2561,
   "fields": {
      "order": 876,
      "price": "8.00",
      "billable_flag": true,
      "size": "R",
      "order_item_type": "B component",
      "remark": "",
      "total_quantity": 1,
      "free_quantity": 0,
      "component_group": "main_dish"
   }
},
{
   "model": "order.order_item",
   "pk": 2562,
   "fields": {
      "order": 876,
      "price": "0.00",
      "billable_flag": true,
      "size": "R",
      "order_item_type": "B component",
      "remark": "",
      "total_quantity": 1,
      "free_quantity": 1,
      "component_group": "dessert"
   }
},
{
   "model": "order.order_item",
   "pk": 2563,
   "fields": {
      "order": 877,
      "price": "16.00",
      "billable_flag": true,
      "size": "R",
      "order_item_type": "B component",
      "remark": "",
      "total_quantity": 2,
      "free_quantity": 0,
      "component_group": "main_dish"
   }
},
{
   "model": "order.order_item",
   "pk": 2564,
   "fields": {
      "order": 877,
      "price": "0.00",
      "billable_flag": true,
      "size": "R",
      "order_item_type": "B component",
      "remark": "",
      "total_quantity": 2,
      "free_quantity": 2,
      "component_group": "green_salad"
   }
},
{
   "model": "order.order_item",
   "pk": 2565,
   "fields": {
      "order": 878,
      "price": "8.00",
      "billable_flag": true,
      "size": "L",
      "order_item_type": "B component",
      "remark": "",
      "total_quantity": 1,
      "free_quantity": 0,
      "component_group": "main_dish"
   }
},
{
   "model": "order.order_item",
   "pk": 2566,
   "fields": {
      "order": 878,
      "price": "0.00",
      "billable_flag": true,
      "size": "L",
      "order_item_type": "B component",
      "remark": "",
      "total_quantity": 1,
      "free_quantity": 1,
      "component_group": "compote"
   }
},
{
   "model": "order.order_item",
   "pk": 2567,
   "fields": {
      "order": 879,
      "price": "8.00",
      "billable_flag": true,
      "size": "L",
      "order_item_type": "B component",
      "remark": "",
      "total_quantity": 1,
      "free_quantity": 0,
      "component_group": "main_dish"
   }
},
{
   "model": "order.order_item",
   "pk": 2568,
   "fields": {
      "order": 879,
      "price": "0.00",
      "billable_flag": true,
      "size": "L",
      "order_item_type": "B component",
      "remark": "",
      "total_quantity": 1,
      "free_quantity": 1,
      "component_group": "compote"
   }
},
{
   "model": "order.order_item",
   "pk": 2569,
   "fields": {
      "order": 880,
      "price": "8.00",
      "billable_flag": true,
      "size": "R",
      "order_item_type": "B component",
      "remark": "",
      "total_quantity": 1,
      "free_quantity": 0,
      "component_group": "main_dish"
   }
},
{
   "model": "order.order_item",
   "pk": 2570,
   "fields": {
      "order": 880,
      "price": "0.00",
      "billable_flag": true,
      "size": "R",
      "order_item_type": "B component",
      "remark": "",
      "total_quantity": 1,
      "free_quantity": 1,
      "component_group": "compote"
   }
},
{
   "model": "order.order_item",
   "pk": 2571,
   "fields": {
      "order": 881,
      "price": "8.00",
      "billable_flag": true,
      "size": "R",
      "order_item_type": "B component",
      "remark": "",
      "total_quantity": 1,
      "free_quantity": 0,
      "component_group": "main_dish"
   }
},
{
   "model": "order.order_item",
   "pk": 2572,
   "fields": {
      "order": 881,
      "price": "0.00",
      "billable_flag": true,
      "size": "R",
      "order_item_type": "B component",
      "remark": "",
      "total_quantity": 1,
      "free_quantity": 1,
      "component_group": "compote"
   }
},
{
   "model": "order.order_item",
   "pk": 2573,
   "fields": {
      "order": 882,
      "price": "16.00",
      "billable_flag": true,
      "size": "L",
      "order_item_type": "B component",
      "remark": "",
      "total_quantity": 2,
      "free_quantity": 0,
      "component_group": "main_dish"
   }
},
{
   "model": "order.order_item",
   "pk": 2574,
   "fields": {
      "order": 882,
      "price": "0.00",
      "billable_flag": true,
      "size": "L",
      "order_item_type": "B component",
      "remark": "",
      "total_quantity": 1,
      "free_quantity": 1,
      "component_group": "dessert"
   }
},
{
   "model": "order.order_item",
   "pk": 2575,
   "fields": {
      "order": 882,
      "price": "0.00",
      "billable_flag": true,
      "size": "L",
      "order_item_type": "B component",
      "remark": "",
      "total_quantity": 1,
      "free_quantity": 1,
      "component_group": "green_salad"
   }
},
{
   "model": "order.order_item",
   "pk": 2576,
   "fields": {
      "order": 882,
      "price": "1.00",
      "billable_flag": true,
      "size": "L",
      "order_item_type": "B component",
      "remark": "",
      "total_quantity": 1,
      "free_quantity": 0,
      "component_group": "pudding"
   }
},
{
   "model": "order.order_item",
   "pk": 2577,
   "fields": {
      "order": 883,
      "price": "8.00",
      "billable_flag": true,
      "size": "R",
      "order_item_type": "B component",
      "remark": "",
      "total_quantity": 1,
      "free_quantity": 0,
      "component_group": "main_dish"
   }
},
{
   "model": "order.order_item",
   "pk": 2578,
   "fields": {
      "order": 883,
      "price": "0.00",
      "billable_flag": true,
      "size": "R",
      "order_item_type": "B component",
      "remark": "",
      "total_quantity": 1,
      "free_quantity": 1,
      "component_group": "dessert"
   }
},
{
   "model": "order.order_item",
   "pk": 2579,
   "fields": {
      "order": 884,
      "price": "16.00",
      "billable_flag": true,
      "size": "R",
      "order_item_type": "B component",
      "remark": "",
      "total_quantity": 2,
      "free_quantity": 0,
      "component_group": "main_dish"
   }
},
{
   "model": "order.order_item",
   "pk": 2580,
   "fields": {
      "order": 884,
      "price": "0.00",
      "billable_flag": true,
      "size": "R",
      "order_item_type": "B component",
      "remark": "",
      "total_quantity": 2,
      "free_quantity": 2,
      "component_group": "green_salad"
   }
},
{
   "model": "order.order_item",
   "pk": 2581,
   "fields": {
      "order": 885,
      "price": "8.00",
      "billable_flag": true,
      "size": "L",
      "order_item_type": "B component",
      "remark": "",
      "total_quantity": 1,
      "free_quantity": 0,
      "component_group": "main_dish"
   }
},
{
   "model": "order.order_item",
   "pk": 2582,
   "fields": {
      "order": 885,
      "price": "0.00",
      "billable_flag": true,
      "size": "L",
      "order_item_type": "B component",
      "remark": "",
      "total_quantity": 1,
      "free_quantity": 1,
      "component_group": "compote"
   }
},
{
   "model": "order.order_item",
   "pk": 2583,
   "fields": {
      "order": 886,
      "price": "8.00",
      "billable_flag": true,
      "size": "L",
      "order_item_type": "B component",
      "remark": "",
      "total_quantity": 1,
      "free_quantity": 0,
      "component_group": "main_dish"
   }
},
{
   "model": "order.order_item",
   "pk": 2584,
   "fields": {
      "order": 886,
      "price": "0.00",
      "billable_flag": true,
      "size": "L",
      "order_item_type": "B component",
      "remark": "",
      "total_quantity": 1,
      "free_quantity": 1,
      "component_group": "compote"
   }
},
{
   "model": "order.order_item",
   "pk": 2585,
   "fields": {
      "order": 887,
      "price": "8.00",
      "billable_flag": true,
      "size": "R",
      "order_item_type": "B component",
      "remark": "",
      "total_quantity": 1,
      "free_quantity": 0,
      "component_group": "main_dish"
   }
},
{
   "model": "order.order_item",
   "pk": 2586,
   "fields": {
      "order": 887,
      "price": "0.00",
      "billable_flag": true,
      "size": "R",
      "order_item_type": "B component",
      "remark": "",
      "total_quantity": 1,
      "free_quantity": 1,
      "component_group": "compote"
   }
},
{
   "model": "order.order_item",
   "pk": 2587,
   "fields": {
      "order": 888,
      "price": "8.00",
      "billable_flag": true,
      "size": "R",
      "order_item_type": "B component",
      "remark": "",
      "total_quantity": 1,
      "free_quantity": 0,
      "component_group": "main_dish"
   }
},
{
   "model": "order.order_item",
   "pk": 2588,
   "fields": {
      "order": 888,
      "price": "0.00",
      "billable_flag": true,
      "size": "R",
      "order_item_type": "B component",
      "remark": "",
      "total_quantity": 1,
      "free_quantity": 1,
      "component_group": "compote"
   }
},
{
   "model": "order.order_item",
   "pk": 2589,
   "fields": {
      "order": 889,
      "price": "16.00",
      "billable_flag": true,
      "size": "L",
      "order_item_type": "B component",
      "remark": "",
      "total_quantity": 2,
      "free_quantity": 0,
      "component_group": "main_dish"
   }
},
{
   "model": "order.order_item",
   "pk": 2590,
   "fields": {
      "order": 889,
      "price": "0.00",
      "billable_flag": true,
      "size": "L",
      "order_item_type": "B component",
      "remark": "",
      "total_quantity": 1,
      "free_quantity": 1,
      "component_group": "dessert"
   }
},
{
   "model": "order.order_item",
   "pk": 2591,
   "fields": {
      "order": 889,
      "price": "0.00",
      "billable_flag": true,
      "size": "L",
      "order_item_type": "B component",
      "remark": "",
      "total_quantity": 1,
      "free_quantity": 1,
      "component_group": "green_salad"
   }
},
{
   "model": "order.order_item",
   "pk": 2592,
   "fields": {
      "order": 889,
      "price": "1.00",
      "billable_flag": true,
      "size": "L",
      "order_item_type": "B component",
      "remark": "",
      "total_quantity": 1,
      "free_quantity": 0,
      "component_group": "pudding"
   }
},
{
   "model": "order.order_item",
   "pk": 2593,
   "fields": {
      "order": 890,
      "price": "8.00",
      "billable_flag": true,
      "size": "R",
      "order_item_type": "B component",
      "remark": "",
      "total_quantity": 1,
      "free_quantity": 0,
      "component_group": "main_dish"
   }
},
{
   "model": "order.order_item",
   "pk": 2594,
   "fields": {
      "order": 890,
      "price": "0.00",
      "billable_flag": true,
      "size": "R",
      "order_item_type": "B component",
      "remark": "",
      "total_quantity": 1,
      "free_quantity": 1,
      "component_group": "dessert"
   }
},
{
   "model": "order.order_item",
   "pk": 2595,
   "fields": {
      "order": 891,
      "price": "16.00",
      "billable_flag": true,
      "size": "R",
      "order_item_type": "B component",
      "remark": "",
      "total_quantity": 2,
      "free_quantity": 0,
      "component_group": "main_dish"
   }
},
{
   "model": "order.order_item",
   "pk": 2596,
   "fields": {
      "order": 891,
      "price": "0.00",
      "billable_flag": true,
      "size": "R",
      "order_item_type": "B component",
      "remark": "",
      "total_quantity": 2,
      "free_quantity": 2,
      "component_group": "green_salad"
   }
},
{
   "model": "order.order_item",
   "pk": 2597,
   "fields": {
      "order": 892,
      "price": "8.00",
      "billable_flag": true,
      "size": "L",
      "order_item_type": "B component",
      "remark": "",
      "total_quantity": 1,
      "free_quantity": 0,
      "component_group": "main_dish"
   }
},
{
   "model": "order.order_item",
   "pk": 2598,
   "fields": {
      "order": 892,
      "price": "0.00",
      "billable_flag": true,
      "size": "L",
      "order_item_type": "B component",
      "remark": "",
      "total_quantity": 1,
      "free_quantity": 1,
      "component_group": "compote"
   }
},
{
   "model": "order.order_item",
   "pk": 2599,
   "fields": {
      "order": 893,
      "price": "8.00",
      "billable_flag": true,
      "size": "L",
      "order_item_type": "B component",
      "remark": "",
      "total_quantity": 1,
      "free_quantity": 0,
      "component_group": "main_dish"
   }
},
{
   "model": "order.order_item",
   "pk": 2600,
   "fields": {
      "order": 893,
      "price": "0.00",
      "billable_flag": true,
      "size": "L",
      "order_item_type": "B component",
      "remark": "",
      "total_quantity": 1,
      "free_quantity": 1,
      "component_group": "compote"
   }
},
{
   "model": "order.order_item",
   "pk": 2601,
   "fields": {
      "order": 894,
      "price": "8.00",
      "billable_flag": true,
      "size": "R",
      "order_item_type": "B component",
      "remark": "",
      "total_quantity": 1,
      "free_quantity": 0,
      "component_group": "main_dish"
   }
},
{
   "model": "order.order_item",
   "pk": 2602,
   "fields": {
      "order": 894,
      "price": "0.00",
      "billable_flag": true,
      "size": "R",
      "order_item_type": "B component",
      "remark": "",
      "total_quantity": 1,
      "free_quantity": 1,
      "component_group": "compote"
   }
},
{
   "model": "order.order_item",
   "pk": 2603,
   "fields": {
      "order": 895,
      "price": "8.00",
      "billable_flag": true,
      "size": "R",
      "order_item_type": "B component",
      "remark": "",
      "total_quantity": 1,
      "free_quantity": 0,
      "component_group": "main_dish"
   }
},
{
   "model": "order.order_item",
   "pk": 2604,
   "fields": {
      "order": 895,
      "price": "0.00",
      "billable_flag": true,
      "size": "R",
      "order_item_type": "B component",
      "remark": "",
      "total_quantity": 1,
      "free_quantity": 1,
      "component_group": "compote"
   }
},
{
   "model": "order.order_item",
   "pk": 2605,
   "fields": {
      "order": 896,
      "price": "16.00",
      "billable_flag": true,
      "size": "L",
      "order_item_type": "B component",
      "remark": "",
      "total_quantity": 2,
      "free_quantity": 0,
      "component_group": "main_dish"
   }
},
{
   "model": "order.order_item",
   "pk": 2606,
   "fields": {
      "order": 896,
      "price": "0.00",
      "billable_flag": true,
      "size": "L",
      "order_item_type": "B component",
      "remark": "",
      "total_quantity": 1,
      "free_quantity": 1,
      "component_group": "dessert"
   }
},
{
   "model": "order.order_item",
   "pk": 2607,
   "fields": {
      "order": 896,
      "price": "0.00",
      "billable_flag": true,
      "size": "L",
      "order_item_type": "B component",
      "remark": "",
      "total_quantity": 1,
      "free_quantity": 1,
      "component_group": "green_salad"
   }
},
{
   "model": "order.order_item",
   "pk": 2608,
   "fields": {
      "order": 896,
      "price": "1.00",
      "billable_flag": true,
      "size": "L",
      "order_item_type": "B component",
      "remark": "",
      "total_quantity": 1,
      "free_quantity": 0,
      "component_group": "pudding"
   }
},
{
   "model": "order.order_item",
   "pk": 2609,
   "fields": {
      "order": 897,
      "price": "8.00",
      "billable_flag": true,
      "size": "R",
      "order_item_type": "B component",
      "remark": "",
      "total_quantity": 1,
      "free_quantity": 0,
      "component_group": "main_dish"
   }
},
{
   "model": "order.order_item",
   "pk": 2610,
   "fields": {
      "order": 897,
      "price": "0.00",
      "billable_flag": true,
      "size": "R",
      "order_item_type": "B component",
      "remark": "",
      "total_quantity": 1,
      "free_quantity": 1,
      "component_group": "dessert"
   }
},
{
   "model": "order.order_item",
   "pk": 2611,
   "fields": {
      "order": 898,
      "price": "16.00",
      "billable_flag": true,
      "size": "R",
      "order_item_type": "B component",
      "remark": "",
      "total_quantity": 2,
      "free_quantity": 0,
      "component_group": "main_dish"
   }
},
{
   "model": "order.order_item",
   "pk": 2612,
   "fields": {
      "order": 898,
      "price": "0.00",
      "billable_flag": true,
      "size": "R",
      "order_item_type": "B component",
      "remark": "",
      "total_quantity": 2,
      "free_quantity": 2,
      "component_group": "green_salad"
   }
},
{
   "model": "order.order_item",
   "pk": 2613,
   "fields": {
      "order": 899,
      "price": "8.00",
      "billable_flag": true,
      "size": "L",
      "order_item_type": "B component",
      "remark": "",
      "total_quantity": 1,
      "free_quantity": 0,
      "component_group": "main_dish"
   }
},
{
   "model": "order.order_item",
   "pk": 2614,
   "fields": {
      "order": 899,
      "price": "0.00",
      "billable_flag": true,
      "size": "L",
      "order_item_type": "B component",
      "remark": "",
      "total_quantity": 1,
      "free_quantity": 1,
      "component_group": "compote"
   }
},
{
   "model": "order.order_item",
   "pk": 2615,
   "fields": {
      "order": 900,
      "price": "8.00",
      "billable_flag": true,
      "size": "L",
      "order_item_type": "B component",
      "remark": "",
      "total_quantity": 1,
      "free_quantity": 0,
      "component_group": "main_dish"
   }
},
{
   "model": "order.order_item",
   "pk": 2616,
   "fields": {
      "order": 900,
      "price": "0.00",
      "billable_flag": true,
      "size": "L",
      "order_item_type": "B component",
      "remark": "",
      "total_quantity": 1,
      "free_quantity": 1,
      "component_group": "compote"
   }
},
{
   "model": "order.order_item",
   "pk": 2617,
   "fields": {
      "order": 901,
      "price": "8.00",
      "billable_flag": true,
      "size": "R",
      "order_item_type": "B component",
      "remark": "",
      "total_quantity": 1,
      "free_quantity": 0,
      "component_group": "main_dish"
   }
},
{
   "model": "order.order_item",
   "pk": 2618,
   "fields": {
      "order": 901,
      "price": "0.00",
      "billable_flag": true,
      "size": "R",
      "order_item_type": "B component",
      "remark": "",
      "total_quantity": 1,
      "free_quantity": 1,
      "component_group": "compote"
   }
},
{
   "model": "order.order_item",
   "pk": 2619,
   "fields": {
      "order": 902,
      "price": "8.00",
      "billable_flag": true,
      "size": "R",
      "order_item_type": "B component",
      "remark": "",
      "total_quantity": 1,
      "free_quantity": 0,
      "component_group": "main_dish"
   }
},
{
   "model": "order.order_item",
   "pk": 2620,
   "fields": {
      "order": 902,
      "price": "0.00",
      "billable_flag": true,
      "size": "R",
      "order_item_type": "B component",
      "remark": "",
      "total_quantity": 1,
      "free_quantity": 1,
      "component_group": "compote"
   }
},
{
   "model": "order.order_item",
   "pk": 2621,
   "fields": {
      "order": 903,
      "price": "16.00",
      "billable_flag": true,
      "size": "L",
      "order_item_type": "B component",
      "remark": "",
      "total_quantity": 2,
      "free_quantity": 0,
      "component_group": "main_dish"
   }
},
{
   "model": "order.order_item",
   "pk": 2622,
   "fields": {
      "order": 903,
      "price": "0.00",
      "billable_flag": true,
      "size": "L",
      "order_item_type": "B component",
      "remark": "",
      "total_quantity": 1,
      "free_quantity": 1,
      "component_group": "dessert"
   }
},
{
   "model": "order.order_item",
   "pk": 2623,
   "fields": {
      "order": 903,
      "price": "0.00",
      "billable_flag": true,
      "size": "L",
      "order_item_type": "B component",
      "remark": "",
      "total_quantity": 1,
      "free_quantity": 1,
      "component_group": "green_salad"
   }
},
{
   "model": "order.order_item",
   "pk": 2624,
   "fields": {
      "order": 903,
      "price": "1.00",
      "billable_flag": true,
      "size": "L",
      "order_item_type": "B component",
      "remark": "",
      "total_quantity": 1,
      "free_quantity": 0,
      "component_group": "pudding"
   }
},
{
   "model": "order.order_item",
   "pk": 2625,
   "fields": {
      "order": 904,
      "price": "8.00",
      "billable_flag": true,
      "size": "R",
      "order_item_type": "B component",
      "remark": "",
      "total_quantity": 1,
      "free_quantity": 0,
      "component_group": "main_dish"
   }
},
{
   "model": "order.order_item",
   "pk": 2626,
   "fields": {
      "order": 904,
      "price": "0.00",
      "billable_flag": true,
      "size": "R",
      "order_item_type": "B component",
      "remark": "",
      "total_quantity": 1,
      "free_quantity": 1,
      "component_group": "dessert"
   }
},
{
   "model": "order.order_item",
   "pk": 2627,
   "fields": {
      "order": 905,
      "price": "16.00",
      "billable_flag": true,
      "size": "R",
      "order_item_type": "B component",
      "remark": "",
      "total_quantity": 2,
      "free_quantity": 0,
      "component_group": "main_dish"
   }
},
{
   "model": "order.order_item",
   "pk": 2628,
   "fields": {
      "order": 905,
      "price": "0.00",
      "billable_flag": true,
      "size": "R",
      "order_item_type": "B component",
      "remark": "",
      "total_quantity": 2,
      "free_quantity": 2,
      "component_group": "green_salad"
   }
},
{
   "model": "order.order_item",
   "pk": 2629,
   "fields": {
      "order": 906,
      "price": "8.00",
      "billable_flag": true,
      "size": "L",
      "order_item_type": "B component",
      "remark": "* SPECIAL *",
      "total_quantity": 1,
      "free_quantity": 0,
      "component_group": "main_dish"
   }
},
{
   "model": "order.order_item",
   "pk": 2630,
   "fields": {
      "order": 906,
      "price": "0.00",
      "billable_flag": true,
      "size": "L",
      "order_item_type": "B component",
      "remark": "",
      "total_quantity": 1,
      "free_quantity": 1,
      "component_group": "compote"
   }
},
{
   "model": "order.order_item",
   "pk": 2631,
   "fields": {
      "order": 907,
      "price": "8.00",
      "billable_flag": true,
      "size": "L",
      "order_item_type": "B component",
      "remark": "",
      "total_quantity": 1,
      "free_quantity": 0,
      "component_group": "main_dish"
   }
},
{
   "model": "order.order_item",
   "pk": 2632,
   "fields": {
      "order": 907,
      "price": "0.00",
      "billable_flag": true,
      "size": "L",
      "order_item_type": "B component",
      "remark": "",
      "total_quantity": 1,
      "free_quantity": 1,
      "component_group": "compote"
   }
},
{
   "model": "order.order_item",
   "pk": 2633,
   "fields": {
      "order": 908,
      "price": "8.00",
      "billable_flag": true,
      "size": "R",
      "order_item_type": "B component",
      "remark": "",
      "total_quantity": 1,
      "free_quantity": 0,
      "component_group": "main_dish"
   }
},
{
   "model": "order.order_item",
   "pk": 2634,
   "fields": {
      "order": 908,
      "price": "0.00",
      "billable_flag": true,
      "size": "R",
      "order_item_type": "B component",
      "remark": "",
      "total_quantity": 1,
      "free_quantity": 1,
      "component_group": "compote"
   }
},
{
   "model": "order.order_item",
   "pk": 2635,
   "fields": {
      "order": 909,
      "price": "8.00",
      "billable_flag": true,
      "size": "R",
      "order_item_type": "B component",
      "remark": "",
      "total_quantity": 1,
      "free_quantity": 0,
      "component_group": "main_dish"
   }
},
{
   "model": "order.order_item",
   "pk": 2636,
   "fields": {
      "order": 909,
      "price": "0.00",
      "billable_flag": true,
      "size": "R",
      "order_item_type": "B component",
      "remark": "",
      "total_quantity": 1,
      "free_quantity": 1,
      "component_group": "compote"
   }
},
{
   "model": "order.order_item",
   "pk": 2653,
   "fields": {
      "order": 917,
      "price": "16.00",
      "billable_flag": true,
      "size": "L",
      "order_item_type": "B component",
      "remark": "",
      "total_quantity": 2,
      "free_quantity": 0,
      "component_group": "main_dish"
   }
},
{
   "model": "order.order_item",
   "pk": 2654,
   "fields": {
      "order": 917,
      "price": "0.00",
      "billable_flag": true,
      "size": "L",
      "order_item_type": "B component",
      "remark": "",
      "total_quantity": 1,
      "free_quantity": 1,
      "component_group": "dessert"
   }
},
{
   "model": "order.order_item",
   "pk": 2655,
   "fields": {
      "order": 917,
      "price": "0.00",
      "billable_flag": true,
      "size": "L",
      "order_item_type": "B component",
      "remark": "",
      "total_quantity": 1,
      "free_quantity": 1,
      "component_group": "green_salad"
   }
},
{
   "model": "order.order_item",
   "pk": 2656,
   "fields": {
      "order": 917,
      "price": "1.00",
      "billable_flag": true,
      "size": "L",
      "order_item_type": "B component",
      "remark": "",
      "total_quantity": 1,
      "free_quantity": 0,
      "component_group": "pudding"
   }
},
{
   "model": "order.order_item",
   "pk": 2657,
   "fields": {
      "order": 918,
      "price": "8.00",
      "billable_flag": true,
      "size": "R",
      "order_item_type": "B component",
      "remark": "",
      "total_quantity": 1,
      "free_quantity": 0,
      "component_group": "main_dish"
   }
},
{
   "model": "order.order_item",
   "pk": 2658,
   "fields": {
      "order": 918,
      "price": "0.00",
      "billable_flag": true,
      "size": "R",
      "order_item_type": "B component",
      "remark": "",
      "total_quantity": 1,
      "free_quantity": 1,
      "component_group": "dessert"
   }
},
{
   "model": "order.order_item",
   "pk": 2659,
   "fields": {
      "order": 919,
      "price": "16.00",
      "billable_flag": true,
      "size": "R",
      "order_item_type": "B component",
      "remark": "",
      "total_quantity": 2,
      "free_quantity": 0,
      "component_group": "main_dish"
   }
},
{
   "model": "order.order_item",
   "pk": 2660,
   "fields": {
      "order": 919,
      "price": "0.00",
      "billable_flag": true,
      "size": "R",
      "order_item_type": "B component",
      "remark": "",
      "total_quantity": 2,
      "free_quantity": 2,
      "component_group": "green_salad"
   }
},
{
   "model": "order.order_item",
   "pk": 2661,
   "fields": {
      "order": 920,
      "price": "8.00",
      "billable_flag": true,
      "size": "L",
      "order_item_type": "B component",
      "remark": "",
      "total_quantity": 1,
      "free_quantity": 0,
      "component_group": "main_dish"
   }
},
{
   "model": "order.order_item",
   "pk": 2662,
   "fields": {
      "order": 920,
      "price": "0.00",
      "billable_flag": true,
      "size": "L",
      "order_item_type": "B component",
      "remark": "",
      "total_quantity": 1,
      "free_quantity": 1,
      "component_group": "compote"
   }
},
{
   "model": "order.order_item",
   "pk": 2663,
   "fields": {
      "order": 921,
      "price": "8.00",
      "billable_flag": true,
      "size": "L",
      "order_item_type": "B component",
      "remark": "",
      "total_quantity": 1,
      "free_quantity": 0,
      "component_group": "main_dish"
   }
},
{
   "model": "order.order_item",
   "pk": 2664,
   "fields": {
      "order": 921,
      "price": "0.00",
      "billable_flag": true,
      "size": "L",
      "order_item_type": "B component",
      "remark": "",
      "total_quantity": 1,
      "free_quantity": 1,
      "component_group": "compote"
   }
},
{
   "model": "order.order_item",
   "pk": 2665,
   "fields": {
      "order": 922,
      "price": "8.00",
      "billable_flag": true,
      "size": "R",
      "order_item_type": "B component",
      "remark": "",
      "total_quantity": 1,
      "free_quantity": 0,
      "component_group": "main_dish"
   }
},
{
   "model": "order.order_item",
   "pk": 2666,
   "fields": {
      "order": 922,
      "price": "0.00",
      "billable_flag": true,
      "size": "R",
      "order_item_type": "B component",
      "remark": "",
      "total_quantity": 1,
      "free_quantity": 1,
      "component_group": "compote"
   }
},
{
   "model": "order.order_item",
   "pk": 2667,
   "fields": {
      "order": 923,
      "price": "8.00",
      "billable_flag": true,
      "size": "R",
      "order_item_type": "B component",
      "remark": "",
      "total_quantity": 1,
      "free_quantity": 0,
      "component_group": "main_dish"
   }
},
{
   "model": "order.order_item",
   "pk": 2668,
   "fields": {
      "order": 923,
      "price": "0.00",
      "billable_flag": true,
      "size": "R",
      "order_item_type": "B component",
      "remark": "",
      "total_quantity": 1,
      "free_quantity": 1,
      "component_group": "compote"
   }
},
{
   "model": "order.order_item",
   "pk": 2669,
   "fields": {
      "order": 924,
      "price": "8.00",
      "billable_flag": true,
      "size": "R",
      "order_item_type": "B component",
      "remark": "",
      "total_quantity": 1,
      "free_quantity": 0,
      "component_group": "main_dish"
   }
},
{
   "model": "order.order_item",
   "pk": 2670,
   "fields": {
      "order": 925,
      "price": "16.00",
      "billable_flag": true,
      "size": "L",
      "order_item_type": "B component",
      "remark": "",
      "total_quantity": 2,
      "free_quantity": 0,
      "component_group": "main_dish"
   }
},
{
   "model": "order.order_item",
   "pk": 2671,
   "fields": {
      "order": 925,
      "price": "0.00",
      "billable_flag": true,
      "size": "L",
      "order_item_type": "B component",
      "remark": "",
      "total_quantity": 1,
      "free_quantity": 1,
      "component_group": "dessert"
   }
},
{
   "model": "order.order_item",
   "pk": 2672,
   "fields": {
      "order": 925,
      "price": "0.00",
      "billable_flag": true,
      "size": "L",
      "order_item_type": "B component",
      "remark": "",
      "total_quantity": 1,
      "free_quantity": 1,
      "component_group": "green_salad"
   }
},
{
   "model": "order.order_item",
   "pk": 2673,
   "fields": {
      "order": 925,
      "price": "1.00",
      "billable_flag": true,
      "size": "L",
      "order_item_type": "B component",
      "remark": "",
      "total_quantity": 1,
      "free_quantity": 0,
      "component_group": "pudding"
   }
},
{
   "model": "order.order_item",
   "pk": 2674,
   "fields": {
      "order": 926,
      "price": "8.00",
      "billable_flag": true,
      "size": "R",
      "order_item_type": "B component",
      "remark": "",
      "total_quantity": 1,
      "free_quantity": 0,
      "component_group": "main_dish"
   }
},
{
   "model": "order.order_item",
   "pk": 2675,
   "fields": {
      "order": 926,
      "price": "0.00",
      "billable_flag": true,
      "size": "R",
      "order_item_type": "B component",
      "remark": "",
      "total_quantity": 1,
      "free_quantity": 1,
      "component_group": "dessert"
   }
},
{
   "model": "order.order_item",
   "pk": 2676,
   "fields": {
      "order": 927,
      "price": "16.00",
      "billable_flag": true,
      "size": "R",
      "order_item_type": "B component",
      "remark": "",
      "total_quantity": 2,
      "free_quantity": 0,
      "component_group": "main_dish"
   }
},
{
   "model": "order.order_item",
   "pk": 2677,
   "fields": {
      "order": 927,
      "price": "0.00",
      "billable_flag": true,
      "size": "R",
      "order_item_type": "B component",
      "remark": "",
      "total_quantity": 2,
      "free_quantity": 2,
      "component_group": "green_salad"
   }
},
{
   "model": "order.order_item",
   "pk": 2678,
   "fields": {
      "order": 928,
      "price": "8.00",
      "billable_flag": true,
      "size": "L",
      "order_item_type": "B component",
      "remark": "",
      "total_quantity": 1,
      "free_quantity": 0,
      "component_group": "main_dish"
   }
},
{
   "model": "order.order_item",
   "pk": 2679,
   "fields": {
      "order": 928,
      "price": "0.00",
      "billable_flag": true,
      "size": "L",
      "order_item_type": "B component",
      "remark": "",
      "total_quantity": 1,
      "free_quantity": 1,
      "component_group": "compote"
   }
},
{
   "model": "order.order_item",
   "pk": 2680,
   "fields": {
      "order": 929,
      "price": "8.00",
      "billable_flag": true,
      "size": "L",
      "order_item_type": "B component",
      "remark": "",
      "total_quantity": 1,
      "free_quantity": 0,
      "component_group": "main_dish"
   }
},
{
   "model": "order.order_item",
   "pk": 2681,
   "fields": {
      "order": 929,
      "price": "0.00",
      "billable_flag": true,
      "size": "L",
      "order_item_type": "B component",
      "remark": "",
      "total_quantity": 1,
      "free_quantity": 1,
      "component_group": "compote"
   }
},
{
   "model": "order.order_item",
   "pk": 2682,
   "fields": {
      "order": 930,
      "price": "8.00",
      "billable_flag": true,
      "size": "R",
      "order_item_type": "B component",
      "remark": "",
      "total_quantity": 1,
      "free_quantity": 0,
      "component_group": "main_dish"
   }
},
{
   "model": "order.order_item",
   "pk": 2683,
   "fields": {
      "order": 930,
      "price": "0.00",
      "billable_flag": true,
      "size": "R",
      "order_item_type": "B component",
      "remark": "",
      "total_quantity": 1,
      "free_quantity": 1,
      "component_group": "compote"
   }
},
{
   "model": "order.order_item",
   "pk": 2684,
   "fields": {
      "order": 931,
      "price": "8.00",
      "billable_flag": true,
      "size": "R",
      "order_item_type": "B component",
      "remark": "",
      "total_quantity": 1,
      "free_quantity": 0,
      "component_group": "main_dish"
   }
},
{
   "model": "order.order_item",
   "pk": 2685,
   "fields": {
      "order": 931,
      "price": "0.00",
      "billable_flag": true,
      "size": "R",
      "order_item_type": "B component",
      "remark": "",
      "total_quantity": 1,
      "free_quantity": 1,
      "component_group": "compote"
   }
},
{
   "model": "order.order_item",
   "pk": 2686,
   "fields": {
      "order": 932,
      "price": "16.00",
      "billable_flag": true,
      "size": "L",
      "order_item_type": "B component",
      "remark": "",
      "total_quantity": 2,
      "free_quantity": 0,
      "component_group": "main_dish"
   }
},
{
   "model": "order.order_item",
   "pk": 2687,
   "fields": {
      "order": 932,
      "price": "0.00",
      "billable_flag": true,
      "size": "L",
      "order_item_type": "B component",
      "remark": "",
      "total_quantity": 1,
      "free_quantity": 1,
      "component_group": "dessert"
   }
},
{
   "model": "order.order_item",
   "pk": 2688,
   "fields": {
      "order": 932,
      "price": "0.00",
      "billable_flag": true,
      "size": "L",
      "order_item_type": "B component",
      "remark": "",
      "total_quantity": 1,
      "free_quantity": 1,
      "component_group": "green_salad"
   }
},
{
   "model": "order.order_item",
   "pk": 2689,
   "fields": {
      "order": 932,
      "price": "1.00",
      "billable_flag": true,
      "size": "L",
      "order_item_type": "B component",
      "remark": "",
      "total_quantity": 1,
      "free_quantity": 0,
      "component_group": "pudding"
   }
},
{
   "model": "order.order_item",
   "pk": 2690,
   "fields": {
      "order": 933,
      "price": "8.00",
      "billable_flag": true,
      "size": "R",
      "order_item_type": "B component",
      "remark": "",
      "total_quantity": 1,
      "free_quantity": 0,
      "component_group": "main_dish"
   }
},
{
   "model": "order.order_item",
   "pk": 2691,
   "fields": {
      "order": 933,
      "price": "0.00",
      "billable_flag": true,
      "size": "R",
      "order_item_type": "B component",
      "remark": "",
      "total_quantity": 1,
      "free_quantity": 1,
      "component_group": "dessert"
   }
},
{
   "model": "order.order_item",
   "pk": 2692,
   "fields": {
      "order": 934,
      "price": "16.00",
      "billable_flag": true,
      "size": "R",
      "order_item_type": "B component",
      "remark": "",
      "total_quantity": 2,
      "free_quantity": 0,
      "component_group": "main_dish"
   }
},
{
   "model": "order.order_item",
   "pk": 2693,
   "fields": {
      "order": 934,
      "price": "0.00",
      "billable_flag": true,
      "size": "R",
      "order_item_type": "B component",
      "remark": "",
      "total_quantity": 2,
      "free_quantity": 2,
      "component_group": "green_salad"
   }
},
{
   "model": "order.order_item",
   "pk": 2694,
   "fields": {
      "order": 935,
      "price": "8.00",
      "billable_flag": true,
      "size": "L",
      "order_item_type": "B component",
      "remark": "",
      "total_quantity": 1,
      "free_quantity": 0,
      "component_group": "main_dish"
   }
},
{
   "model": "order.order_item",
   "pk": 2695,
   "fields": {
      "order": 935,
      "price": "0.00",
      "billable_flag": true,
      "size": "L",
      "order_item_type": "B component",
      "remark": "",
      "total_quantity": 1,
      "free_quantity": 1,
      "component_group": "compote"
   }
},
{
   "model": "order.order_item",
   "pk": 2696,
   "fields": {
      "order": 936,
      "price": "8.00",
      "billable_flag": true,
      "size": "L",
      "order_item_type": "B component",
      "remark": "",
      "total_quantity": 1,
      "free_quantity": 0,
      "component_group": "main_dish"
   }
},
{
   "model": "order.order_item",
   "pk": 2697,
   "fields": {
      "order": 936,
      "price": "0.00",
      "billable_flag": true,
      "size": "L",
      "order_item_type": "B component",
      "remark": "",
      "total_quantity": 1,
      "free_quantity": 1,
      "component_group": "compote"
   }
},
{
   "model": "order.order_item",
   "pk": 2698,
   "fields": {
      "order": 937,
      "price": "8.00",
      "billable_flag": true,
      "size": "R",
      "order_item_type": "B component",
      "remark": "",
      "total_quantity": 1,
      "free_quantity": 0,
      "component_group": "main_dish"
   }
},
{
   "model": "order.order_item",
   "pk": 2699,
   "fields": {
      "order": 937,
      "price": "0.00",
      "billable_flag": true,
      "size": "R",
      "order_item_type": "B component",
      "remark": "",
      "total_quantity": 1,
      "free_quantity": 1,
      "component_group": "compote"
   }
},
{
   "model": "order.order_item",
   "pk": 2700,
   "fields": {
      "order": 938,
      "price": "8.00",
      "billable_flag": true,
      "size": "R",
      "order_item_type": "B component",
      "remark": "",
      "total_quantity": 1,
      "free_quantity": 0,
      "component_group": "main_dish"
   }
},
{
   "model": "order.order_item",
   "pk": 2701,
   "fields": {
      "order": 938,
      "price": "0.00",
      "billable_flag": true,
      "size": "R",
      "order_item_type": "B component",
      "remark": "",
      "total_quantity": 1,
      "free_quantity": 1,
      "component_group": "compote"
   }
},
{
   "model": "order.order_item",
   "pk": 2702,
   "fields": {
      "order": 939,
      "price": "16.00",
      "billable_flag": true,
      "size": "L",
      "order_item_type": "B component",
      "remark": "",
      "total_quantity": 2,
      "free_quantity": 0,
      "component_group": "main_dish"
   }
},
{
   "model": "order.order_item",
   "pk": 2703,
   "fields": {
      "order": 939,
      "price": "0.00",
      "billable_flag": true,
      "size": "L",
      "order_item_type": "B component",
      "remark": "",
      "total_quantity": 1,
      "free_quantity": 1,
      "component_group": "dessert"
   }
},
{
   "model": "order.order_item",
   "pk": 2704,
   "fields": {
      "order": 939,
      "price": "0.00",
      "billable_flag": true,
      "size": "L",
      "order_item_type": "B component",
      "remark": "",
      "total_quantity": 1,
      "free_quantity": 1,
      "component_group": "green_salad"
   }
},
{
   "model": "order.order_item",
   "pk": 2705,
   "fields": {
      "order": 939,
      "price": "1.00",
      "billable_flag": true,
      "size": "L",
      "order_item_type": "B component",
      "remark": "",
      "total_quantity": 1,
      "free_quantity": 0,
      "component_group": "pudding"
   }
},
{
   "model": "order.order_item",
   "pk": 2706,
   "fields": {
      "order": 940,
      "price": "8.00",
      "billable_flag": true,
      "size": "R",
      "order_item_type": "B component",
      "remark": "",
      "total_quantity": 1,
      "free_quantity": 0,
      "component_group": "main_dish"
   }
},
{
   "model": "order.order_item",
   "pk": 2707,
   "fields": {
      "order": 940,
      "price": "0.00",
      "billable_flag": true,
      "size": "R",
      "order_item_type": "B component",
      "remark": "",
      "total_quantity": 1,
      "free_quantity": 1,
      "component_group": "dessert"
   }
},
{
   "model": "order.order_item",
   "pk": 2708,
   "fields": {
      "order": 941,
      "price": "16.00",
      "billable_flag": true,
      "size": "R",
      "order_item_type": "B component",
      "remark": "",
      "total_quantity": 2,
      "free_quantity": 0,
      "component_group": "main_dish"
   }
},
{
   "model": "order.order_item",
   "pk": 2709,
   "fields": {
      "order": 941,
      "price": "0.00",
      "billable_flag": true,
      "size": "R",
      "order_item_type": "B component",
      "remark": "",
      "total_quantity": 2,
      "free_quantity": 2,
      "component_group": "green_salad"
   }
},
{
   "model": "order.order_item",
   "pk": 2710,
   "fields": {
      "order": 942,
      "price": "8.00",
      "billable_flag": true,
      "size": "L",
      "order_item_type": "B component",
      "remark": "",
      "total_quantity": 1,
      "free_quantity": 0,
      "component_group": "main_dish"
   }
},
{
   "model": "order.order_item",
   "pk": 2711,
   "fields": {
      "order": 942,
      "price": "0.00",
      "billable_flag": true,
      "size": "L",
      "order_item_type": "B component",
      "remark": "",
      "total_quantity": 1,
      "free_quantity": 1,
      "component_group": "compote"
   }
},
{
   "model": "order.order_item",
   "pk": 2712,
   "fields": {
      "order": 943,
      "price": "8.00",
      "billable_flag": true,
      "size": "L",
      "order_item_type": "B component",
      "remark": "",
      "total_quantity": 1,
      "free_quantity": 0,
      "component_group": "main_dish"
   }
},
{
   "model": "order.order_item",
   "pk": 2713,
   "fields": {
      "order": 943,
      "price": "0.00",
      "billable_flag": true,
      "size": "L",
      "order_item_type": "B component",
      "remark": "",
      "total_quantity": 1,
      "free_quantity": 1,
      "component_group": "compote"
   }
},
{
   "model": "order.order_item",
   "pk": 2714,
   "fields": {
      "order": 944,
      "price": "8.00",
      "billable_flag": true,
      "size": "R",
      "order_item_type": "B component",
      "remark": "",
      "total_quantity": 1,
      "free_quantity": 0,
      "component_group": "main_dish"
   }
},
{
   "model": "order.order_item",
   "pk": 2715,
   "fields": {
      "order": 944,
      "price": "0.00",
      "billable_flag": true,
      "size": "R",
      "order_item_type": "B component",
      "remark": "",
      "total_quantity": 1,
      "free_quantity": 1,
      "component_group": "compote"
   }
},
{
   "model": "order.order_item",
   "pk": 2716,
   "fields": {
      "order": 945,
      "price": "8.00",
      "billable_flag": true,
      "size": "R",
      "order_item_type": "B component",
      "remark": "",
      "total_quantity": 1,
      "free_quantity": 0,
      "component_group": "main_dish"
   }
},
{
   "model": "order.order_item",
   "pk": 2717,
   "fields": {
      "order": 945,
      "price": "0.00",
      "billable_flag": true,
      "size": "R",
      "order_item_type": "B component",
      "remark": "",
      "total_quantity": 1,
      "free_quantity": 1,
      "component_group": "compote"
   }
},
{
   "model": "auth.permission",
   "pk": 1,
   "fields": {
      "name": "Can add log entry",
      "content_type": 1,
      "codename": "add_logentry"
   }
},
{
   "model": "auth.permission",
   "pk": 2,
   "fields": {
      "name": "Can change log entry",
      "content_type": 1,
      "codename": "change_logentry"
   }
},
{
   "model": "auth.permission",
   "pk": 3,
   "fields": {
      "name": "Can delete log entry",
      "content_type": 1,
      "codename": "delete_logentry"
   }
},
{
   "model": "auth.permission",
   "pk": 4,
   "fields": {
      "name": "Can add permission",
      "content_type": 2,
      "codename": "add_permission"
   }
},
{
   "model": "auth.permission",
   "pk": 5,
   "fields": {
      "name": "Can change permission",
      "content_type": 2,
      "codename": "change_permission"
   }
},
{
   "model": "auth.permission",
   "pk": 6,
   "fields": {
      "name": "Can delete permission",
      "content_type": 2,
      "codename": "delete_permission"
   }
},
{
   "model": "auth.permission",
   "pk": 7,
   "fields": {
      "name": "Can add user",
      "content_type": 3,
      "codename": "add_user"
   }
},
{
   "model": "auth.permission",
   "pk": 8,
   "fields": {
      "name": "Can change user",
      "content_type": 3,
      "codename": "change_user"
   }
},
{
   "model": "auth.permission",
   "pk": 9,
   "fields": {
      "name": "Can delete user",
      "content_type": 3,
      "codename": "delete_user"
   }
},
{
   "model": "auth.permission",
   "pk": 10,
   "fields": {
      "name": "Can add group",
      "content_type": 4,
      "codename": "add_group"
   }
},
{
   "model": "auth.permission",
   "pk": 11,
   "fields": {
      "name": "Can change group",
      "content_type": 4,
      "codename": "change_group"
   }
},
{
   "model": "auth.permission",
   "pk": 12,
   "fields": {
      "name": "Can delete group",
      "content_type": 4,
      "codename": "delete_group"
   }
},
{
   "model": "auth.permission",
   "pk": 13,
   "fields": {
      "name": "Can add content type",
      "content_type": 5,
      "codename": "add_contenttype"
   }
},
{
   "model": "auth.permission",
   "pk": 14,
   "fields": {
      "name": "Can change content type",
      "content_type": 5,
      "codename": "change_contenttype"
   }
},
{
   "model": "auth.permission",
   "pk": 15,
   "fields": {
      "name": "Can delete content type",
      "content_type": 5,
      "codename": "delete_contenttype"
   }
},
{
   "model": "auth.permission",
   "pk": 16,
   "fields": {
      "name": "Can add session",
      "content_type": 6,
      "codename": "add_session"
   }
},
{
   "model": "auth.permission",
   "pk": 17,
   "fields": {
      "name": "Can change session",
      "content_type": 6,
      "codename": "change_session"
   }
},
{
   "model": "auth.permission",
   "pk": 18,
   "fields": {
      "name": "Can delete session",
      "content_type": 6,
      "codename": "delete_session"
   }
},
{
   "model": "auth.permission",
   "pk": 19,
   "fields": {
      "name": "Can add ingredient",
      "content_type": 7,
      "codename": "add_ingredient"
   }
},
{
   "model": "auth.permission",
   "pk": 20,
   "fields": {
      "name": "Can change ingredient",
      "content_type": 7,
      "codename": "change_ingredient"
   }
},
{
   "model": "auth.permission",
   "pk": 21,
   "fields": {
      "name": "Can delete ingredient",
      "content_type": 7,
      "codename": "delete_ingredient"
   }
},
{
   "model": "auth.permission",
   "pk": 22,
   "fields": {
      "name": "Can add menu",
      "content_type": 8,
      "codename": "add_menu"
   }
},
{
   "model": "auth.permission",
   "pk": 23,
   "fields": {
      "name": "Can change menu",
      "content_type": 8,
      "codename": "change_menu"
   }
},
{
   "model": "auth.permission",
   "pk": 24,
   "fields": {
      "name": "Can delete menu",
      "content_type": 8,
      "codename": "delete_menu"
   }
},
{
   "model": "auth.permission",
   "pk": 25,
   "fields": {
      "name": "Can add incompatibility",
      "content_type": 9,
      "codename": "add_incompatibility"
   }
},
{
   "model": "auth.permission",
   "pk": 26,
   "fields": {
      "name": "Can change incompatibility",
      "content_type": 9,
      "codename": "change_incompatibility"
   }
},
{
   "model": "auth.permission",
   "pk": 27,
   "fields": {
      "name": "Can delete incompatibility",
      "content_type": 9,
      "codename": "delete_incompatibility"
   }
},
{
   "model": "auth.permission",
   "pk": 28,
   "fields": {
      "name": "Can add restricted_item",
      "content_type": 10,
      "codename": "add_restricted_item"
   }
},
{
   "model": "auth.permission",
   "pk": 29,
   "fields": {
      "name": "Can change restricted_item",
      "content_type": 10,
      "codename": "change_restricted_item"
   }
},
{
   "model": "auth.permission",
   "pk": 30,
   "fields": {
      "name": "Can delete restricted_item",
      "content_type": 10,
      "codename": "delete_restricted_item"
   }
},
{
   "model": "auth.permission",
   "pk": 31,
   "fields": {
      "name": "Can add component",
      "content_type": 11,
      "codename": "add_component"
   }
},
{
   "model": "auth.permission",
   "pk": 32,
   "fields": {
      "name": "Can change component",
      "content_type": 11,
      "codename": "change_component"
   }
},
{
   "model": "auth.permission",
   "pk": 33,
   "fields": {
      "name": "Can delete component",
      "content_type": 11,
      "codename": "delete_component"
   }
},
{
   "model": "auth.permission",
   "pk": 34,
   "fields": {
      "name": "Can add component_ingredient",
      "content_type": 12,
      "codename": "add_component_ingredient"
   }
},
{
   "model": "auth.permission",
   "pk": 35,
   "fields": {
      "name": "Can change component_ingredient",
      "content_type": 12,
      "codename": "change_component_ingredient"
   }
},
{
   "model": "auth.permission",
   "pk": 36,
   "fields": {
      "name": "Can delete component_ingredient",
      "content_type": 12,
      "codename": "delete_component_ingredient"
   }
},
{
   "model": "auth.permission",
   "pk": 37,
   "fields": {
      "name": "Can add menu_component",
      "content_type": 13,
      "codename": "add_menu_component"
   }
},
{
   "model": "auth.permission",
   "pk": 38,
   "fields": {
      "name": "Can change menu_component",
      "content_type": 13,
      "codename": "change_menu_component"
   }
},
{
   "model": "auth.permission",
   "pk": 39,
   "fields": {
      "name": "Can delete menu_component",
      "content_type": 13,
      "codename": "delete_menu_component"
   }
},
{
   "model": "auth.permission",
   "pk": 40,
   "fields": {
      "name": "Can add client_avoid_component",
      "content_type": 14,
      "codename": "add_client_avoid_component"
   }
},
{
   "model": "auth.permission",
   "pk": 41,
   "fields": {
      "name": "Can change client_avoid_component",
      "content_type": 14,
      "codename": "change_client_avoid_component"
   }
},
{
   "model": "auth.permission",
   "pk": 42,
   "fields": {
      "name": "Can delete client_avoid_component",
      "content_type": 14,
      "codename": "delete_client_avoid_component"
   }
},
{
   "model": "auth.permission",
   "pk": 43,
   "fields": {
      "name": "Can add client scheduled status",
      "content_type": 15,
      "codename": "add_clientscheduledstatus"
   }
},
{
   "model": "auth.permission",
   "pk": 44,
   "fields": {
      "name": "Can change client scheduled status",
      "content_type": 15,
      "codename": "change_clientscheduledstatus"
   }
},
{
   "model": "auth.permission",
   "pk": 45,
   "fields": {
      "name": "Can delete client scheduled status",
      "content_type": 15,
      "codename": "delete_clientscheduledstatus"
   }
},
{
   "model": "auth.permission",
   "pk": 46,
   "fields": {
      "name": "Can add contact",
      "content_type": 16,
      "codename": "add_contact"
   }
},
{
   "model": "auth.permission",
   "pk": 47,
   "fields": {
      "name": "Can change contact",
      "content_type": 16,
      "codename": "change_contact"
   }
},
{
   "model": "auth.permission",
   "pk": 48,
   "fields": {
      "name": "Can delete contact",
      "content_type": 16,
      "codename": "delete_contact"
   }
},
{
   "model": "auth.permission",
   "pk": 49,
   "fields": {
      "name": "Can add referencing",
      "content_type": 17,
      "codename": "add_referencing"
   }
},
{
   "model": "auth.permission",
   "pk": 50,
   "fields": {
      "name": "Can change referencing",
      "content_type": 17,
      "codename": "change_referencing"
   }
},
{
   "model": "auth.permission",
   "pk": 51,
   "fields": {
      "name": "Can delete referencing",
      "content_type": 17,
      "codename": "delete_referencing"
   }
},
{
   "model": "auth.permission",
   "pk": 52,
   "fields": {
      "name": "Can add client",
      "content_type": 18,
      "codename": "add_client"
   }
},
{
   "model": "auth.permission",
   "pk": 53,
   "fields": {
      "name": "Can change client",
      "content_type": 18,
      "codename": "change_client"
   }
},
{
   "model": "auth.permission",
   "pk": 54,
   "fields": {
      "name": "Can delete client",
      "content_type": 18,
      "codename": "delete_client"
   }
},
{
   "model": "auth.permission",
   "pk": 55,
   "fields": {
      "name": "Can add route",
      "content_type": 19,
      "codename": "add_route"
   }
},
{
   "model": "auth.permission",
   "pk": 56,
   "fields": {
      "name": "Can change route",
      "content_type": 19,
      "codename": "change_route"
   }
},
{
   "model": "auth.permission",
   "pk": 57,
   "fields": {
      "name": "Can delete route",
      "content_type": 19,
      "codename": "delete_route"
   }
},
{
   "model": "auth.permission",
   "pk": 58,
   "fields": {
      "name": "Can add option",
      "content_type": 20,
      "codename": "add_option"
   }
},
{
   "model": "auth.permission",
   "pk": 59,
   "fields": {
      "name": "Can change option",
      "content_type": 20,
      "codename": "change_option"
   }
},
{
   "model": "auth.permission",
   "pk": 60,
   "fields": {
      "name": "Can delete option",
      "content_type": 20,
      "codename": "delete_option"
   }
},
{
   "model": "auth.permission",
   "pk": 61,
   "fields": {
      "name": "Can add address",
      "content_type": 21,
      "codename": "add_address"
   }
},
{
   "model": "auth.permission",
   "pk": 62,
   "fields": {
      "name": "Can change address",
      "content_type": 21,
      "codename": "change_address"
   }
},
{
   "model": "auth.permission",
   "pk": 63,
   "fields": {
      "name": "Can delete address",
      "content_type": 21,
      "codename": "delete_address"
   }
},
{
   "model": "auth.permission",
   "pk": 64,
   "fields": {
      "name": "Can add client_option",
      "content_type": 22,
      "codename": "add_client_option"
   }
},
{
   "model": "auth.permission",
   "pk": 65,
   "fields": {
      "name": "Can change client_option",
      "content_type": 22,
      "codename": "change_client_option"
   }
},
{
   "model": "auth.permission",
   "pk": 66,
   "fields": {
      "name": "Can delete client_option",
      "content_type": 22,
      "codename": "delete_client_option"
   }
},
{
   "model": "auth.permission",
   "pk": 67,
   "fields": {
      "name": "Can add restriction",
      "content_type": 23,
      "codename": "add_restriction"
   }
},
{
   "model": "auth.permission",
   "pk": 68,
   "fields": {
      "name": "Can change restriction",
      "content_type": 23,
      "codename": "change_restriction"
   }
},
{
   "model": "auth.permission",
   "pk": 69,
   "fields": {
      "name": "Can delete restriction",
      "content_type": 23,
      "codename": "delete_restriction"
   }
},
{
   "model": "auth.permission",
   "pk": 70,
   "fields": {
      "name": "Can add member",
      "content_type": 24,
      "codename": "add_member"
   }
},
{
   "model": "auth.permission",
   "pk": 71,
   "fields": {
      "name": "Can change member",
      "content_type": 24,
      "codename": "change_member"
   }
},
{
   "model": "auth.permission",
   "pk": 72,
   "fields": {
      "name": "Can delete member",
      "content_type": 24,
      "codename": "delete_member"
   }
},
{
   "model": "auth.permission",
   "pk": 73,
   "fields": {
      "name": "Can add client_avoid_ingredient",
      "content_type": 25,
      "codename": "add_client_avoid_ingredient"
   }
},
{
   "model": "auth.permission",
   "pk": 74,
   "fields": {
      "name": "Can change client_avoid_ingredient",
      "content_type": 25,
      "codename": "change_client_avoid_ingredient"
   }
},
{
   "model": "auth.permission",
   "pk": 75,
   "fields": {
      "name": "Can delete client_avoid_ingredient",
      "content_type": 25,
      "codename": "delete_client_avoid_ingredient"
   }
},
{
   "model": "auth.permission",
   "pk": 76,
   "fields": {
      "name": "Can add order",
      "content_type": 26,
      "codename": "add_order"
   }
},
{
   "model": "auth.permission",
   "pk": 77,
   "fields": {
      "name": "Can change order",
      "content_type": 26,
      "codename": "change_order"
   }
},
{
   "model": "auth.permission",
   "pk": 78,
   "fields": {
      "name": "Can delete order",
      "content_type": 26,
      "codename": "delete_order"
   }
},
{
   "model": "auth.permission",
   "pk": 79,
   "fields": {
      "name": "Can add order_item",
      "content_type": 27,
      "codename": "add_order_item"
   }
},
{
   "model": "auth.permission",
   "pk": 80,
   "fields": {
      "name": "Can change order_item",
      "content_type": 27,
      "codename": "change_order_item"
   }
},
{
   "model": "auth.permission",
   "pk": 81,
   "fields": {
      "name": "Can delete order_item",
      "content_type": 27,
      "codename": "delete_order_item"
   }
},
{
   "model": "auth.permission",
   "pk": 82,
   "fields": {
      "name": "Can add notification",
      "content_type": 28,
      "codename": "add_notification"
   }
},
{
   "model": "auth.permission",
   "pk": 83,
   "fields": {
      "name": "Can change notification",
      "content_type": 28,
      "codename": "change_notification"
   }
},
{
   "model": "auth.permission",
   "pk": 84,
   "fields": {
      "name": "Can delete notification",
      "content_type": 28,
      "codename": "delete_notification"
   }
},
{
   "model": "auth.permission",
   "pk": 85,
   "fields": {
      "name": "Can add delivery",
      "content_type": 29,
      "codename": "add_delivery"
   }
},
{
   "model": "auth.permission",
   "pk": 86,
   "fields": {
      "name": "Can change delivery",
      "content_type": 29,
      "codename": "change_delivery"
   }
},
{
   "model": "auth.permission",
   "pk": 87,
   "fields": {
      "name": "Can delete delivery",
      "content_type": 29,
      "codename": "delete_delivery"
   }
},
{
   "model": "auth.permission",
   "pk": 88,
   "fields": {
      "name": "Can add note",
      "content_type": 30,
      "codename": "add_note"
   }
},
{
   "model": "auth.permission",
   "pk": 89,
   "fields": {
      "name": "Can change note",
      "content_type": 30,
      "codename": "change_note"
   }
},
{
   "model": "auth.permission",
   "pk": 90,
   "fields": {
      "name": "Can delete note",
      "content_type": 30,
      "codename": "delete_note"
   }
},
{
   "model": "auth.permission",
   "pk": 91,
   "fields": {
      "name": "Can add billing summary",
      "content_type": 31,
      "codename": "add_billingsummary"
   }
},
{
   "model": "auth.permission",
   "pk": 92,
   "fields": {
      "name": "Can change billing summary",
      "content_type": 31,
      "codename": "change_billingsummary"
   }
},
{
   "model": "auth.permission",
   "pk": 93,
   "fields": {
      "name": "Can delete billing summary",
      "content_type": 31,
      "codename": "delete_billingsummary"
   }
},
{
   "model": "auth.permission",
   "pk": 94,
   "fields": {
      "name": "Can add billing",
      "content_type": 32,
      "codename": "add_billing"
   }
},
{
   "model": "auth.permission",
   "pk": 95,
   "fields": {
      "name": "Can change billing",
      "content_type": 32,
      "codename": "change_billing"
   }
},
{
   "model": "auth.permission",
   "pk": 96,
   "fields": {
      "name": "Can delete billing",
      "content_type": 32,
      "codename": "delete_billing"
   }
},
{
   "model": "auth.permission",
   "pk": 97,
   "fields": {
      "name": "Can add order billing",
      "content_type": 33,
      "codename": "add_orderbilling"
   }
},
{
   "model": "auth.permission",
   "pk": 98,
   "fields": {
      "name": "Can change order billing",
      "content_type": 33,
      "codename": "change_orderbilling"
   }
},
{
   "model": "auth.permission",
   "pk": 99,
   "fields": {
      "name": "Can delete order billing",
      "content_type": 33,
      "codename": "delete_orderbilling"
   }
}
]

